2025-11-24 08:32:29,923 ERROR org.springframework.boot.SpringApplication [main] Application run failed
java.lang.IllegalStateException: java.lang.IllegalStateException: Logback configuration error detected: 
ERROR in ch.qos.logback.classic.pattern.ClassOfCallerConverter@55322aab - failed to parse integer string [1.] java.lang.NumberFormatException: For input string: "1."
ERROR in ch.qos.logback.classic.pattern.ClassOfCallerConverter@2b4c1d96 - failed to parse integer string [1.] java.lang.NumberFormatException: For input string: "1."
	at org.springframework.boot.context.logging.LoggingApplicationListener.initializeSystem(LoggingApplicationListener.java:347)
	at org.springframework.boot.context.logging.LoggingApplicationListener.initialize(LoggingApplicationListener.java:298)
	at org.springframework.boot.context.logging.LoggingApplicationListener.onApplicationEnvironmentPreparedEvent(LoggingApplicationListener.java:246)
	at org.springframework.boot.context.logging.LoggingApplicationListener.onApplicationEvent(LoggingApplicationListener.java:223)
	at org.springframework.context.event.SimpleApplicationEventMulticaster.doInvokeListener(SimpleApplicationEventMulticaster.java:185)
	at org.springframework.context.event.SimpleApplicationEventMulticaster.invokeListener(SimpleApplicationEventMulticaster.java:178)
	at org.springframework.context.event.SimpleApplicationEventMulticaster.multicastEvent(SimpleApplicationEventMulticaster.java:156)
	at org.springframework.context.event.SimpleApplicationEventMulticaster.multicastEvent(SimpleApplicationEventMulticaster.java:138)
	at org.springframework.boot.context.event.EventPublishingRunListener.multicastInitialEvent(EventPublishingRunListener.java:136)
	at org.springframework.boot.context.event.EventPublishingRunListener.environmentPrepared(EventPublishingRunListener.java:81)
	at org.springframework.boot.SpringApplicationRunListeners.lambda$environmentPrepared$2(SpringApplicationRunListeners.java:64)
	at java.base/java.lang.Iterable.forEach(Iterable.java:75)
	at org.springframework.boot.SpringApplicationRunListeners.doWithListeners(SpringApplicationRunListeners.java:118)
	at org.springframework.boot.SpringApplicationRunListeners.doWithListeners(SpringApplicationRunListeners.java:112)
	at org.springframework.boot.SpringApplicationRunListeners.environmentPrepared(SpringApplicationRunListeners.java:63)
	at org.springframework.boot.SpringApplication.prepareEnvironment(SpringApplication.java:369)
	at org.springframework.boot.SpringApplication.run(SpringApplication.java:329)
	at org.springframework.boot.SpringApplication.run(SpringApplication.java:1354)
	at org.springframework.boot.SpringApplication.run(SpringApplication.java:1343)
	at org.example.Application.main(Application.java:12)
Caused by: java.lang.IllegalStateException: Logback configuration error detected: 
ERROR in ch.qos.logback.classic.pattern.ClassOfCallerConverter@55322aab - failed to parse integer string [1.] java.lang.NumberFormatException: For input string: "1."
ERROR in ch.qos.logback.classic.pattern.ClassOfCallerConverter@2b4c1d96 - failed to parse integer string [1.] java.lang.NumberFormatException: For input string: "1."
	at org.springframework.boot.logging.logback.LogbackLoggingSystem.reportConfigurationErrorsIfNecessary(LogbackLoggingSystem.java:277)
	at org.springframework.boot.logging.logback.LogbackLoggingSystem.loadConfiguration(LogbackLoggingSystem.java:255)
	at org.springframework.boot.logging.AbstractLoggingSystem.initializeWithConventions(AbstractLoggingSystem.java:81)
	at org.springframework.boot.logging.AbstractLoggingSystem.initialize(AbstractLoggingSystem.java:61)
	at org.springframework.boot.logging.logback.LogbackLoggingSystem.initialize(LogbackLoggingSystem.java:189)
	at org.springframework.boot.context.logging.LoggingApplicationListener.initializeSystem(LoggingApplicationListener.java:332)
	... 19 common frames omitted
	Suppressed: java.lang.NumberFormatException: For input string: "1."
		at java.base/java.lang.NumberFormatException.forInputString(NumberFormatException.java:67)
		at java.base/java.lang.Integer.parseInt(Integer.java:668)
		at java.base/java.lang.Integer.parseInt(Integer.java:786)
		at ch.qos.logback.classic.pattern.NamedConverter.start(NamedConverter.java:92)
		at ch.qos.logback.core.pattern.ConverterUtil.startConverters(ConverterUtil.java:37)
		at ch.qos.logback.core.pattern.ConverterUtil.startConverters(ConverterUtil.java:33)
		at ch.qos.logback.core.pattern.PatternLayoutBase.start(PatternLayoutBase.java:90)
		at ch.qos.logback.core.model.processor.ImplicitModelHandler.postHandleComplex(ImplicitModelHandler.java:208)
		at ch.qos.logback.core.model.processor.ImplicitModelHandler.postHandle(ImplicitModelHandler.java:186)
		at ch.qos.logback.core.model.processor.DefaultProcessor.secondPhaseTraverse(DefaultProcessor.java:257)
		at ch.qos.logback.core.model.processor.DefaultProcessor.secondPhaseTraverse(DefaultProcessor.java:253)
		at ch.qos.logback.core.model.processor.DefaultProcessor.secondPhaseTraverse(DefaultProcessor.java:253)
		at ch.qos.logback.core.model.processor.DefaultProcessor.traversalLoop(DefaultProcessor.java:90)
		at ch.qos.logback.core.model.processor.DefaultProcessor.process(DefaultProcessor.java:106)
		at ch.qos.logback.core.joran.GenericXMLConfigurator.processModel(GenericXMLConfigurator.java:208)
		at org.springframework.boot.logging.logback.SpringBootJoranConfigurator.processModel(SpringBootJoranConfigurator.java:122)
		at ch.qos.logback.core.joran.GenericXMLConfigurator.doConfigure(GenericXMLConfigurator.java:170)
		at ch.qos.logback.core.joran.GenericXMLConfigurator.doConfigure(GenericXMLConfigurator.java:122)
		at ch.qos.logback.core.joran.GenericXMLConfigurator.doConfigure(GenericXMLConfigurator.java:65)
		at org.springframework.boot.logging.logback.LogbackLoggingSystem.configureByResourceUrl(LogbackLoggingSystem.java:287)
		at org.springframework.boot.logging.logback.LogbackLoggingSystem.lambda$loadConfiguration$1(LogbackLoggingSystem.java:249)
		at org.springframework.boot.logging.logback.LogbackLoggingSystem.withLoggingSuppressed(LogbackLoggingSystem.java:467)
		at org.springframework.boot.logging.logback.LogbackLoggingSystem.loadConfiguration(LogbackLoggingSystem.java:244)
		... 23 common frames omitted
	Suppressed: java.lang.NumberFormatException: For input string: "1."
		at java.base/java.lang.NumberFormatException.forInputString(NumberFormatException.java:67)
		at java.base/java.lang.Integer.parseInt(Integer.java:668)
		at java.base/java.lang.Integer.parseInt(Integer.java:786)
		at ch.qos.logback.classic.pattern.NamedConverter.start(NamedConverter.java:92)
		at ch.qos.logback.core.pattern.ConverterUtil.startConverters(ConverterUtil.java:37)
		at ch.qos.logback.core.pattern.PatternLayoutBase.start(PatternLayoutBase.java:90)
		at ch.qos.logback.classic.encoder.PatternLayoutEncoder.start(PatternLayoutEncoder.java:28)
		at ch.qos.logback.core.model.processor.ImplicitModelHandler.postHandleComplex(ImplicitModelHandler.java:208)
		at ch.qos.logback.core.model.processor.ImplicitModelHandler.postHandle(ImplicitModelHandler.java:186)
		at ch.qos.logback.core.model.processor.DefaultProcessor.secondPhaseTraverse(DefaultProcessor.java:257)
		at ch.qos.logback.core.model.processor.DefaultProcessor.secondPhaseTraverse(DefaultProcessor.java:253)
		at ch.qos.logback.core.model.processor.DefaultProcessor.secondPhaseTraverse(DefaultProcessor.java:253)
		at ch.qos.logback.core.model.processor.DefaultProcessor.traversalLoop(DefaultProcessor.java:90)
		at ch.qos.logback.core.model.processor.DefaultProcessor.process(DefaultProcessor.java:106)
		at ch.qos.logback.core.joran.GenericXMLConfigurator.processModel(GenericXMLConfigurator.java:208)
		at org.springframework.boot.logging.logback.SpringBootJoranConfigurator.processModel(SpringBootJoranConfigurator.java:122)
		at ch.qos.logback.core.joran.GenericXMLConfigurator.doConfigure(GenericXMLConfigurator.java:170)
		at ch.qos.logback.core.joran.GenericXMLConfigurator.doConfigure(GenericXMLConfigurator.java:122)
		at ch.qos.logback.core.joran.GenericXMLConfigurator.doConfigure(GenericXMLConfigurator.java:65)
		at org.springframework.boot.logging.logback.LogbackLoggingSystem.configureByResourceUrl(LogbackLoggingSystem.java:287)
		at org.springframework.boot.logging.logback.LogbackLoggingSystem.lambda$loadConfiguration$1(LogbackLoggingSystem.java:249)
		at org.springframework.boot.logging.logback.LogbackLoggingSystem.withLoggingSuppressed(LogbackLoggingSystem.java:467)
		at org.springframework.boot.logging.logback.LogbackLoggingSystem.loadConfiguration(LogbackLoggingSystem.java:244)
		... 23 common frames omitted
2025-11-24 08:32:52,269 ERROR org.springframework.boot.SpringApplication [main] Application run failed
java.lang.IllegalStateException: java.lang.IllegalStateException: Logback configuration error detected: 
ERROR in ch.qos.logback.classic.pattern.ClassOfCallerConverter@55322aab - failed to parse integer string [1.] java.lang.NumberFormatException: For input string: "1."
ERROR in ch.qos.logback.classic.pattern.ClassOfCallerConverter@2b4c1d96 - failed to parse integer string [1.] java.lang.NumberFormatException: For input string: "1."
	at org.springframework.boot.context.logging.LoggingApplicationListener.initializeSystem(LoggingApplicationListener.java:347)
	at org.springframework.boot.context.logging.LoggingApplicationListener.initialize(LoggingApplicationListener.java:298)
	at org.springframework.boot.context.logging.LoggingApplicationListener.onApplicationEnvironmentPreparedEvent(LoggingApplicationListener.java:246)
	at org.springframework.boot.context.logging.LoggingApplicationListener.onApplicationEvent(LoggingApplicationListener.java:223)
	at org.springframework.context.event.SimpleApplicationEventMulticaster.doInvokeListener(SimpleApplicationEventMulticaster.java:185)
	at org.springframework.context.event.SimpleApplicationEventMulticaster.invokeListener(SimpleApplicationEventMulticaster.java:178)
	at org.springframework.context.event.SimpleApplicationEventMulticaster.multicastEvent(SimpleApplicationEventMulticaster.java:156)
	at org.springframework.context.event.SimpleApplicationEventMulticaster.multicastEvent(SimpleApplicationEventMulticaster.java:138)
	at org.springframework.boot.context.event.EventPublishingRunListener.multicastInitialEvent(EventPublishingRunListener.java:136)
	at org.springframework.boot.context.event.EventPublishingRunListener.environmentPrepared(EventPublishingRunListener.java:81)
	at org.springframework.boot.SpringApplicationRunListeners.lambda$environmentPrepared$2(SpringApplicationRunListeners.java:64)
	at java.base/java.lang.Iterable.forEach(Iterable.java:75)
	at org.springframework.boot.SpringApplicationRunListeners.doWithListeners(SpringApplicationRunListeners.java:118)
	at org.springframework.boot.SpringApplicationRunListeners.doWithListeners(SpringApplicationRunListeners.java:112)
	at org.springframework.boot.SpringApplicationRunListeners.environmentPrepared(SpringApplicationRunListeners.java:63)
	at org.springframework.boot.SpringApplication.prepareEnvironment(SpringApplication.java:369)
	at org.springframework.boot.SpringApplication.run(SpringApplication.java:329)
	at org.springframework.boot.SpringApplication.run(SpringApplication.java:1354)
	at org.springframework.boot.SpringApplication.run(SpringApplication.java:1343)
	at org.example.Application.main(Application.java:12)
Caused by: java.lang.IllegalStateException: Logback configuration error detected: 
ERROR in ch.qos.logback.classic.pattern.ClassOfCallerConverter@55322aab - failed to parse integer string [1.] java.lang.NumberFormatException: For input string: "1."
ERROR in ch.qos.logback.classic.pattern.ClassOfCallerConverter@2b4c1d96 - failed to parse integer string [1.] java.lang.NumberFormatException: For input string: "1."
	at org.springframework.boot.logging.logback.LogbackLoggingSystem.reportConfigurationErrorsIfNecessary(LogbackLoggingSystem.java:277)
	at org.springframework.boot.logging.logback.LogbackLoggingSystem.loadConfiguration(LogbackLoggingSystem.java:255)
	at org.springframework.boot.logging.AbstractLoggingSystem.initializeWithConventions(AbstractLoggingSystem.java:81)
	at org.springframework.boot.logging.AbstractLoggingSystem.initialize(AbstractLoggingSystem.java:61)
	at org.springframework.boot.logging.logback.LogbackLoggingSystem.initialize(LogbackLoggingSystem.java:189)
	at org.springframework.boot.context.logging.LoggingApplicationListener.initializeSystem(LoggingApplicationListener.java:332)
	... 19 common frames omitted
	Suppressed: java.lang.NumberFormatException: For input string: "1."
		at java.base/java.lang.NumberFormatException.forInputString(NumberFormatException.java:67)
		at java.base/java.lang.Integer.parseInt(Integer.java:668)
		at java.base/java.lang.Integer.parseInt(Integer.java:786)
		at ch.qos.logback.classic.pattern.NamedConverter.start(NamedConverter.java:92)
		at ch.qos.logback.core.pattern.ConverterUtil.startConverters(ConverterUtil.java:37)
		at ch.qos.logback.core.pattern.ConverterUtil.startConverters(ConverterUtil.java:33)
		at ch.qos.logback.core.pattern.PatternLayoutBase.start(PatternLayoutBase.java:90)
		at ch.qos.logback.core.model.processor.ImplicitModelHandler.postHandleComplex(ImplicitModelHandler.java:208)
		at ch.qos.logback.core.model.processor.ImplicitModelHandler.postHandle(ImplicitModelHandler.java:186)
		at ch.qos.logback.core.model.processor.DefaultProcessor.secondPhaseTraverse(DefaultProcessor.java:257)
		at ch.qos.logback.core.model.processor.DefaultProcessor.secondPhaseTraverse(DefaultProcessor.java:253)
		at ch.qos.logback.core.model.processor.DefaultProcessor.secondPhaseTraverse(DefaultProcessor.java:253)
		at ch.qos.logback.core.model.processor.DefaultProcessor.traversalLoop(DefaultProcessor.java:90)
		at ch.qos.logback.core.model.processor.DefaultProcessor.process(DefaultProcessor.java:106)
		at ch.qos.logback.core.joran.GenericXMLConfigurator.processModel(GenericXMLConfigurator.java:208)
		at org.springframework.boot.logging.logback.SpringBootJoranConfigurator.processModel(SpringBootJoranConfigurator.java:122)
		at ch.qos.logback.core.joran.GenericXMLConfigurator.doConfigure(GenericXMLConfigurator.java:170)
		at ch.qos.logback.core.joran.GenericXMLConfigurator.doConfigure(GenericXMLConfigurator.java:122)
		at ch.qos.logback.core.joran.GenericXMLConfigurator.doConfigure(GenericXMLConfigurator.java:65)
		at org.springframework.boot.logging.logback.LogbackLoggingSystem.configureByResourceUrl(LogbackLoggingSystem.java:287)
		at org.springframework.boot.logging.logback.LogbackLoggingSystem.lambda$loadConfiguration$1(LogbackLoggingSystem.java:249)
		at org.springframework.boot.logging.logback.LogbackLoggingSystem.withLoggingSuppressed(LogbackLoggingSystem.java:467)
		at org.springframework.boot.logging.logback.LogbackLoggingSystem.loadConfiguration(LogbackLoggingSystem.java:244)
		... 23 common frames omitted
	Suppressed: java.lang.NumberFormatException: For input string: "1."
		at java.base/java.lang.NumberFormatException.forInputString(NumberFormatException.java:67)
		at java.base/java.lang.Integer.parseInt(Integer.java:668)
		at java.base/java.lang.Integer.parseInt(Integer.java:786)
		at ch.qos.logback.classic.pattern.NamedConverter.start(NamedConverter.java:92)
		at ch.qos.logback.core.pattern.ConverterUtil.startConverters(ConverterUtil.java:37)
		at ch.qos.logback.core.pattern.PatternLayoutBase.start(PatternLayoutBase.java:90)
		at ch.qos.logback.classic.encoder.PatternLayoutEncoder.start(PatternLayoutEncoder.java:28)
		at ch.qos.logback.core.model.processor.ImplicitModelHandler.postHandleComplex(ImplicitModelHandler.java:208)
		at ch.qos.logback.core.model.processor.ImplicitModelHandler.postHandle(ImplicitModelHandler.java:186)
		at ch.qos.logback.core.model.processor.DefaultProcessor.secondPhaseTraverse(DefaultProcessor.java:257)
		at ch.qos.logback.core.model.processor.DefaultProcessor.secondPhaseTraverse(DefaultProcessor.java:253)
		at ch.qos.logback.core.model.processor.DefaultProcessor.secondPhaseTraverse(DefaultProcessor.java:253)
		at ch.qos.logback.core.model.processor.DefaultProcessor.traversalLoop(DefaultProcessor.java:90)
		at ch.qos.logback.core.model.processor.DefaultProcessor.process(DefaultProcessor.java:106)
		at ch.qos.logback.core.joran.GenericXMLConfigurator.processModel(GenericXMLConfigurator.java:208)
		at org.springframework.boot.logging.logback.SpringBootJoranConfigurator.processModel(SpringBootJoranConfigurator.java:122)
		at ch.qos.logback.core.joran.GenericXMLConfigurator.doConfigure(GenericXMLConfigurator.java:170)
		at ch.qos.logback.core.joran.GenericXMLConfigurator.doConfigure(GenericXMLConfigurator.java:122)
		at ch.qos.logback.core.joran.GenericXMLConfigurator.doConfigure(GenericXMLConfigurator.java:65)
		at org.springframework.boot.logging.logback.LogbackLoggingSystem.configureByResourceUrl(LogbackLoggingSystem.java:287)
		at org.springframework.boot.logging.logback.LogbackLoggingSystem.lambda$loadConfiguration$1(LogbackLoggingSystem.java:249)
		at org.springframework.boot.logging.logback.LogbackLoggingSystem.withLoggingSuppressed(LogbackLoggingSystem.java:467)
		at org.springframework.boot.logging.logback.LogbackLoggingSystem.loadConfiguration(LogbackLoggingSystem.java:244)
		... 23 common frames omitted
2025-11-24 08:32:59,427 ERROR org.springframework.boot.SpringApplication [main] Application run failed
java.lang.IllegalStateException: java.lang.IllegalStateException: Logback configuration error detected: 
ERROR in ch.qos.logback.classic.pattern.ClassOfCallerConverter@55322aab - failed to parse integer string [1.] java.lang.NumberFormatException: For input string: "1."
ERROR in ch.qos.logback.classic.pattern.ClassOfCallerConverter@2b4c1d96 - failed to parse integer string [1.] java.lang.NumberFormatException: For input string: "1."
	at org.springframework.boot.context.logging.LoggingApplicationListener.initializeSystem(LoggingApplicationListener.java:347)
	at org.springframework.boot.context.logging.LoggingApplicationListener.initialize(LoggingApplicationListener.java:298)
	at org.springframework.boot.context.logging.LoggingApplicationListener.onApplicationEnvironmentPreparedEvent(LoggingApplicationListener.java:246)
	at org.springframework.boot.context.logging.LoggingApplicationListener.onApplicationEvent(LoggingApplicationListener.java:223)
	at org.springframework.context.event.SimpleApplicationEventMulticaster.doInvokeListener(SimpleApplicationEventMulticaster.java:185)
	at org.springframework.context.event.SimpleApplicationEventMulticaster.invokeListener(SimpleApplicationEventMulticaster.java:178)
	at org.springframework.context.event.SimpleApplicationEventMulticaster.multicastEvent(SimpleApplicationEventMulticaster.java:156)
	at org.springframework.context.event.SimpleApplicationEventMulticaster.multicastEvent(SimpleApplicationEventMulticaster.java:138)
	at org.springframework.boot.context.event.EventPublishingRunListener.multicastInitialEvent(EventPublishingRunListener.java:136)
	at org.springframework.boot.context.event.EventPublishingRunListener.environmentPrepared(EventPublishingRunListener.java:81)
	at org.springframework.boot.SpringApplicationRunListeners.lambda$environmentPrepared$2(SpringApplicationRunListeners.java:64)
	at java.base/java.lang.Iterable.forEach(Iterable.java:75)
	at org.springframework.boot.SpringApplicationRunListeners.doWithListeners(SpringApplicationRunListeners.java:118)
	at org.springframework.boot.SpringApplicationRunListeners.doWithListeners(SpringApplicationRunListeners.java:112)
	at org.springframework.boot.SpringApplicationRunListeners.environmentPrepared(SpringApplicationRunListeners.java:63)
	at org.springframework.boot.SpringApplication.prepareEnvironment(SpringApplication.java:369)
	at org.springframework.boot.SpringApplication.run(SpringApplication.java:329)
	at org.springframework.boot.SpringApplication.run(SpringApplication.java:1354)
	at org.springframework.boot.SpringApplication.run(SpringApplication.java:1343)
	at org.example.Application.main(Application.java:12)
Caused by: java.lang.IllegalStateException: Logback configuration error detected: 
ERROR in ch.qos.logback.classic.pattern.ClassOfCallerConverter@55322aab - failed to parse integer string [1.] java.lang.NumberFormatException: For input string: "1."
ERROR in ch.qos.logback.classic.pattern.ClassOfCallerConverter@2b4c1d96 - failed to parse integer string [1.] java.lang.NumberFormatException: For input string: "1."
	at org.springframework.boot.logging.logback.LogbackLoggingSystem.reportConfigurationErrorsIfNecessary(LogbackLoggingSystem.java:277)
	at org.springframework.boot.logging.logback.LogbackLoggingSystem.loadConfiguration(LogbackLoggingSystem.java:255)
	at org.springframework.boot.logging.AbstractLoggingSystem.initializeWithConventions(AbstractLoggingSystem.java:81)
	at org.springframework.boot.logging.AbstractLoggingSystem.initialize(AbstractLoggingSystem.java:61)
	at org.springframework.boot.logging.logback.LogbackLoggingSystem.initialize(LogbackLoggingSystem.java:189)
	at org.springframework.boot.context.logging.LoggingApplicationListener.initializeSystem(LoggingApplicationListener.java:332)
	... 19 common frames omitted
	Suppressed: java.lang.NumberFormatException: For input string: "1."
		at java.base/java.lang.NumberFormatException.forInputString(NumberFormatException.java:67)
		at java.base/java.lang.Integer.parseInt(Integer.java:668)
		at java.base/java.lang.Integer.parseInt(Integer.java:786)
		at ch.qos.logback.classic.pattern.NamedConverter.start(NamedConverter.java:92)
		at ch.qos.logback.core.pattern.ConverterUtil.startConverters(ConverterUtil.java:37)
		at ch.qos.logback.core.pattern.ConverterUtil.startConverters(ConverterUtil.java:33)
		at ch.qos.logback.core.pattern.PatternLayoutBase.start(PatternLayoutBase.java:90)
		at ch.qos.logback.core.model.processor.ImplicitModelHandler.postHandleComplex(ImplicitModelHandler.java:208)
		at ch.qos.logback.core.model.processor.ImplicitModelHandler.postHandle(ImplicitModelHandler.java:186)
		at ch.qos.logback.core.model.processor.DefaultProcessor.secondPhaseTraverse(DefaultProcessor.java:257)
		at ch.qos.logback.core.model.processor.DefaultProcessor.secondPhaseTraverse(DefaultProcessor.java:253)
		at ch.qos.logback.core.model.processor.DefaultProcessor.secondPhaseTraverse(DefaultProcessor.java:253)
		at ch.qos.logback.core.model.processor.DefaultProcessor.traversalLoop(DefaultProcessor.java:90)
		at ch.qos.logback.core.model.processor.DefaultProcessor.process(DefaultProcessor.java:106)
		at ch.qos.logback.core.joran.GenericXMLConfigurator.processModel(GenericXMLConfigurator.java:208)
		at org.springframework.boot.logging.logback.SpringBootJoranConfigurator.processModel(SpringBootJoranConfigurator.java:122)
		at ch.qos.logback.core.joran.GenericXMLConfigurator.doConfigure(GenericXMLConfigurator.java:170)
		at ch.qos.logback.core.joran.GenericXMLConfigurator.doConfigure(GenericXMLConfigurator.java:122)
		at ch.qos.logback.core.joran.GenericXMLConfigurator.doConfigure(GenericXMLConfigurator.java:65)
		at org.springframework.boot.logging.logback.LogbackLoggingSystem.configureByResourceUrl(LogbackLoggingSystem.java:287)
		at org.springframework.boot.logging.logback.LogbackLoggingSystem.lambda$loadConfiguration$1(LogbackLoggingSystem.java:249)
		at org.springframework.boot.logging.logback.LogbackLoggingSystem.withLoggingSuppressed(LogbackLoggingSystem.java:467)
		at org.springframework.boot.logging.logback.LogbackLoggingSystem.loadConfiguration(LogbackLoggingSystem.java:244)
		... 23 common frames omitted
	Suppressed: java.lang.NumberFormatException: For input string: "1."
		at java.base/java.lang.NumberFormatException.forInputString(NumberFormatException.java:67)
		at java.base/java.lang.Integer.parseInt(Integer.java:668)
		at java.base/java.lang.Integer.parseInt(Integer.java:786)
		at ch.qos.logback.classic.pattern.NamedConverter.start(NamedConverter.java:92)
		at ch.qos.logback.core.pattern.ConverterUtil.startConverters(ConverterUtil.java:37)
		at ch.qos.logback.core.pattern.PatternLayoutBase.start(PatternLayoutBase.java:90)
		at ch.qos.logback.classic.encoder.PatternLayoutEncoder.start(PatternLayoutEncoder.java:28)
		at ch.qos.logback.core.model.processor.ImplicitModelHandler.postHandleComplex(ImplicitModelHandler.java:208)
		at ch.qos.logback.core.model.processor.ImplicitModelHandler.postHandle(ImplicitModelHandler.java:186)
		at ch.qos.logback.core.model.processor.DefaultProcessor.secondPhaseTraverse(DefaultProcessor.java:257)
		at ch.qos.logback.core.model.processor.DefaultProcessor.secondPhaseTraverse(DefaultProcessor.java:253)
		at ch.qos.logback.core.model.processor.DefaultProcessor.secondPhaseTraverse(DefaultProcessor.java:253)
		at ch.qos.logback.core.model.processor.DefaultProcessor.traversalLoop(DefaultProcessor.java:90)
		at ch.qos.logback.core.model.processor.DefaultProcessor.process(DefaultProcessor.java:106)
		at ch.qos.logback.core.joran.GenericXMLConfigurator.processModel(GenericXMLConfigurator.java:208)
		at org.springframework.boot.logging.logback.SpringBootJoranConfigurator.processModel(SpringBootJoranConfigurator.java:122)
		at ch.qos.logback.core.joran.GenericXMLConfigurator.doConfigure(GenericXMLConfigurator.java:170)
		at ch.qos.logback.core.joran.GenericXMLConfigurator.doConfigure(GenericXMLConfigurator.java:122)
		at ch.qos.logback.core.joran.GenericXMLConfigurator.doConfigure(GenericXMLConfigurator.java:65)
		at org.springframework.boot.logging.logback.LogbackLoggingSystem.configureByResourceUrl(LogbackLoggingSystem.java:287)
		at org.springframework.boot.logging.logback.LogbackLoggingSystem.lambda$loadConfiguration$1(LogbackLoggingSystem.java:249)
		at org.springframework.boot.logging.logback.LogbackLoggingSystem.withLoggingSuppressed(LogbackLoggingSystem.java:467)
		at org.springframework.boot.logging.logback.LogbackLoggingSystem.loadConfiguration(LogbackLoggingSystem.java:244)
		... 23 common frames omitted
2025-11-24 08:34:17,796 INFO o.h.v.i.u.Version [background-preinit] HV000001: Hibernate Validator 8.0.1.Final
2025-11-24 08:34:17,826 INFO o.s.b.StartupInfoLogger [main] Starting Application using Java 17.0.12 with PID 171696 (/home/guyguy/IdeaProjects/code4/dactaphanmem/target/classes started by guyguy in /home/guyguy/IdeaProjects/code4/dactaphanmem)
2025-11-24 08:34:17,826 DEBUG o.s.b.StartupInfoLogger [main] Running with Spring Boot v3.2.5, Spring v6.1.6
2025-11-24 08:34:17,827 INFO o.s.b.SpringApplication [main] No active profile set, falling back to 1 default profile: "default"
2025-11-24 08:34:18,363 INFO o.s.d.r.c.RepositoryConfigurationDelegate [main] Bootstrapping Spring Data JPA repositories in DEFAULT mode.
2025-11-24 08:34:18,422 INFO o.s.d.r.c.RepositoryConfigurationDelegate [main] Finished Spring Data repository scanning in 53 ms. Found 13 JPA repository interfaces.
2025-11-24 08:34:18,843 INFO o.s.b.w.e.t.TomcatWebServer [main] Tomcat initialized with port 8080 (http)
2025-11-24 08:34:18,853 INFO o.a.j.l.DirectJDKLog [main] Initializing ProtocolHandler ["http-nio-8080"]
2025-11-24 08:34:18,856 INFO o.a.j.l.DirectJDKLog [main] Starting service [Tomcat]
2025-11-24 08:34:18,856 INFO o.a.j.l.DirectJDKLog [main] Starting Servlet engine: [Apache Tomcat/10.1.20]
2025-11-24 08:34:18,904 INFO o.a.j.l.DirectJDKLog [main] Initializing Spring embedded WebApplicationContext
2025-11-24 08:34:18,906 INFO o.s.b.w.s.c.ServletWebServerApplicationContext [main] Root WebApplicationContext: initialization completed in 1048 ms
2025-11-24 08:34:19,024 INFO o.h.j.i.u.LogHelper [main] HHH000204: Processing PersistenceUnitInfo [name: default]
2025-11-24 08:34:19,072 INFO o.h.Version [main] HHH000412: Hibernate ORM core version 6.4.4.Final
2025-11-24 08:34:19,102 INFO o.h.c.i.RegionFactoryInitiator [main] HHH000026: Second-level cache disabled
2025-11-24 08:34:19,264 INFO o.s.o.j.p.SpringPersistenceUnitInfo [main] No LoadTimeWeaver setup: ignoring JPA class transformer
2025-11-24 08:34:19,288 INFO c.z.h.HikariDataSource [main] HikariPool-1 - Starting...
2025-11-24 08:34:19,391 INFO c.z.h.p.HikariPool [main] HikariPool-1 - Added connection com.mysql.cj.jdbc.ConnectionImpl@13e1e816
2025-11-24 08:34:19,393 INFO c.z.h.HikariDataSource [main] HikariPool-1 - Start completed.
2025-11-24 08:34:19,423 WARN o.h.e.j.d.i.DialectFactoryImpl [main] HHH90000025: MySQLDialect does not need to be specified explicitly using 'hibernate.dialect' (remove the property setting and it will be selected by default)
2025-11-24 08:34:20,083 INFO o.h.e.t.j.p.i.JtaPlatformInitiator [main] HHH000489: No JTA platform available (set 'hibernate.transaction.jta.platform' to enable JTA platform integration)
2025-11-24 08:34:20,085 INFO o.s.o.j.AbstractEntityManagerFactoryBean [main] Initialized JPA EntityManagerFactory for persistence unit 'default'
2025-11-24 08:34:20,277 INFO o.s.d.j.r.q.QueryEnhancerFactory [main] Hibernate is in classpath; If applicable, HQL parser will be used.
2025-11-24 08:34:20,684 WARN o.s.b.a.o.j.JpaBaseConfiguration$JpaWebConfiguration [main] spring.jpa.open-in-view is enabled by default. Therefore, database queries may be performed during view rendering. Explicitly configure spring.jpa.open-in-view to disable this warning
2025-11-24 08:34:20,887 INFO o.s.s.w.DefaultSecurityFilterChain [main] Will secure any request with [org.springframework.security.web.session.DisableEncodeUrlFilter@5a14a8c1, org.springframework.security.web.context.request.async.WebAsyncManagerIntegrationFilter@879f852, org.springframework.security.web.context.SecurityContextHolderFilter@18482805, org.springframework.security.web.header.HeaderWriterFilter@3606c525, org.springframework.web.filter.CorsFilter@693676d, org.springframework.security.web.csrf.CsrfFilter@aee3d6e, org.springframework.security.web.authentication.logout.LogoutFilter@11f6a083, org.springframework.security.web.authentication.UsernamePasswordAuthenticationFilter@1b32aaca, org.springframework.security.web.session.ConcurrentSessionFilter@4f142cbd, org.springframework.security.web.savedrequest.RequestCacheAwareFilter@3c3d2a80, org.springframework.security.web.servletapi.SecurityContextHolderAwareRequestFilter@11bac6d7, org.springframework.security.web.authentication.AnonymousAuthenticationFilter@2a0a178f, org.springframework.security.web.session.SessionManagementFilter@27959922, org.springframework.security.web.access.ExceptionTranslationFilter@7e32442d, org.springframework.security.web.access.intercept.AuthorizationFilter@45accb5]
2025-11-24 08:34:21,043 INFO o.a.j.l.DirectJDKLog [main] Starting ProtocolHandler ["http-nio-8080"]
2025-11-24 08:34:21,053 INFO o.s.b.w.e.t.TomcatWebServer [main] Tomcat started on port 8080 (http) with context path ''
2025-11-24 08:34:21,061 INFO o.s.b.StartupInfoLogger [main] Started Application in 3.642 seconds (process running for 3.856)
2025-11-24 08:34:26,422 INFO o.a.j.l.DirectJDKLog [http-nio-8080-exec-1] Initializing Spring DispatcherServlet 'dispatcherServlet'
2025-11-24 08:34:26,423 INFO o.s.w.s.FrameworkServlet [http-nio-8080-exec-1] Initializing Servlet 'dispatcherServlet'
2025-11-24 08:34:26,424 INFO o.s.w.s.FrameworkServlet [http-nio-8080-exec-1] Completed initialization in 1 ms
2025-11-24 08:34:28,112 INFO o.e.s.CustomUserDetailsService [http-nio-8080-exec-6] Đang tìm tài khoản với tên đăng nhập: admin
2025-11-24 08:34:28,219 INFO o.e.s.CustomUserDetailsService [http-nio-8080-exec-6] Đã tìm thấy tài khoản. Mã TK: 3579, Tên đăng nhập: admin, Loại TK: NV, Trạng thái: 1, Enabled: true
2025-11-24 08:34:28,219 INFO o.e.s.CustomUserDetailsService [http-nio-8080-exec-6] Loại tài khoản: NV, Authorities: [ROLE_ADMIN, ROLE_NHAN_VIEN]
2025-11-24 08:35:56,136 WARN o.h.e.j.s.SqlExceptionHelper [http-nio-8080-exec-6] SQL Error: 1062, SQLState: 23000
2025-11-24 08:35:56,137 ERROR o.h.e.j.s.SqlExceptionHelper [http-nio-8080-exec-6] Duplicate entry '112' for key 'phong.so_phong'
2025-11-24 08:38:13,746 INFO o.s.o.j.AbstractEntityManagerFactoryBean [SpringApplicationShutdownHook] Closing JPA EntityManagerFactory for persistence unit 'default'
2025-11-24 08:38:13,748 INFO c.z.h.HikariDataSource [SpringApplicationShutdownHook] HikariPool-1 - Shutdown initiated...
2025-11-24 08:38:13,752 INFO c.z.h.HikariDataSource [SpringApplicationShutdownHook] HikariPool-1 - Shutdown completed.
2025-11-24 08:38:23,858 INFO o.h.v.i.u.Version [background-preinit] HV000001: Hibernate Validator 8.0.1.Final
2025-11-24 08:38:23,890 INFO o.s.b.StartupInfoLogger [main] Starting Application using Java 17.0.12 with PID 176005 (/home/guyguy/IdeaProjects/code4/dactaphanmem/target/classes started by guyguy in /home/guyguy/IdeaProjects/code4/dactaphanmem)
2025-11-24 08:38:23,890 DEBUG o.s.b.StartupInfoLogger [main] Running with Spring Boot v3.2.5, Spring v6.1.6
2025-11-24 08:38:23,891 INFO o.s.b.SpringApplication [main] No active profile set, falling back to 1 default profile: "default"
2025-11-24 08:38:24,433 INFO o.s.d.r.c.RepositoryConfigurationDelegate [main] Bootstrapping Spring Data JPA repositories in DEFAULT mode.
2025-11-24 08:38:24,506 INFO o.s.d.r.c.RepositoryConfigurationDelegate [main] Finished Spring Data repository scanning in 65 ms. Found 13 JPA repository interfaces.
2025-11-24 08:38:24,895 INFO o.s.b.w.e.t.TomcatWebServer [main] Tomcat initialized with port 8080 (http)
2025-11-24 08:38:24,901 INFO o.a.j.l.DirectJDKLog [main] Initializing ProtocolHandler ["http-nio-8080"]
2025-11-24 08:38:24,902 INFO o.a.j.l.DirectJDKLog [main] Starting service [Tomcat]
2025-11-24 08:38:24,903 INFO o.a.j.l.DirectJDKLog [main] Starting Servlet engine: [Apache Tomcat/10.1.20]
2025-11-24 08:38:24,932 INFO o.a.j.l.DirectJDKLog [main] Initializing Spring embedded WebApplicationContext
2025-11-24 08:38:24,933 INFO o.s.b.w.s.c.ServletWebServerApplicationContext [main] Root WebApplicationContext: initialization completed in 1004 ms
2025-11-24 08:38:25,029 INFO o.h.j.i.u.LogHelper [main] HHH000204: Processing PersistenceUnitInfo [name: default]
2025-11-24 08:38:25,055 INFO o.h.Version [main] HHH000412: Hibernate ORM core version 6.4.4.Final
2025-11-24 08:38:25,074 INFO o.h.c.i.RegionFactoryInitiator [main] HHH000026: Second-level cache disabled
2025-11-24 08:38:25,193 INFO o.s.o.j.p.SpringPersistenceUnitInfo [main] No LoadTimeWeaver setup: ignoring JPA class transformer
2025-11-24 08:38:25,208 INFO c.z.h.HikariDataSource [main] HikariPool-1 - Starting...
2025-11-24 08:38:25,295 INFO c.z.h.p.HikariPool [main] HikariPool-1 - Added connection com.mysql.cj.jdbc.ConnectionImpl@733fae8
2025-11-24 08:38:25,296 INFO c.z.h.HikariDataSource [main] HikariPool-1 - Start completed.
2025-11-24 08:38:25,322 WARN o.h.e.j.d.i.DialectFactoryImpl [main] HHH90000025: MySQLDialect does not need to be specified explicitly using 'hibernate.dialect' (remove the property setting and it will be selected by default)
2025-11-24 08:38:25,937 INFO o.h.e.t.j.p.i.JtaPlatformInitiator [main] HHH000489: No JTA platform available (set 'hibernate.transaction.jta.platform' to enable JTA platform integration)
2025-11-24 08:38:25,938 INFO o.s.o.j.AbstractEntityManagerFactoryBean [main] Initialized JPA EntityManagerFactory for persistence unit 'default'
2025-11-24 08:38:26,128 INFO o.s.d.j.r.q.QueryEnhancerFactory [main] Hibernate is in classpath; If applicable, HQL parser will be used.
2025-11-24 08:38:26,522 WARN o.s.b.a.o.j.JpaBaseConfiguration$JpaWebConfiguration [main] spring.jpa.open-in-view is enabled by default. Therefore, database queries may be performed during view rendering. Explicitly configure spring.jpa.open-in-view to disable this warning
2025-11-24 08:38:26,702 INFO o.s.s.w.DefaultSecurityFilterChain [main] Will secure any request with [org.springframework.security.web.session.DisableEncodeUrlFilter@4efb7c99, org.springframework.security.web.context.request.async.WebAsyncManagerIntegrationFilter@5563a63f, org.springframework.security.web.context.SecurityContextHolderFilter@5f6e6902, org.springframework.security.web.header.HeaderWriterFilter@4f1cb802, org.springframework.web.filter.CorsFilter@20a3118, org.springframework.security.web.csrf.CsrfFilter@1a18e18d, org.springframework.security.web.authentication.logout.LogoutFilter@2640f5ea, org.springframework.security.web.authentication.UsernamePasswordAuthenticationFilter@4823f3b8, org.springframework.security.web.session.ConcurrentSessionFilter@199549a5, org.springframework.security.web.savedrequest.RequestCacheAwareFilter@5697f801, org.springframework.security.web.servletapi.SecurityContextHolderAwareRequestFilter@15382815, org.springframework.security.web.authentication.AnonymousAuthenticationFilter@28068327, org.springframework.security.web.session.SessionManagementFilter@6e0fd2dc, org.springframework.security.web.access.ExceptionTranslationFilter@4f142cbd, org.springframework.security.web.access.intercept.AuthorizationFilter@2fc698a9]
2025-11-24 08:38:26,835 INFO o.a.j.l.DirectJDKLog [main] Starting ProtocolHandler ["http-nio-8080"]
2025-11-24 08:38:26,843 INFO o.s.b.w.e.t.TomcatWebServer [main] Tomcat started on port 8080 (http) with context path ''
2025-11-24 08:38:26,849 INFO o.s.b.StartupInfoLogger [main] Started Application in 3.385 seconds (process running for 3.581)
2025-11-24 08:38:32,575 INFO o.a.j.l.DirectJDKLog [http-nio-8080-exec-1] Initializing Spring DispatcherServlet 'dispatcherServlet'
2025-11-24 08:38:32,575 INFO o.s.w.s.FrameworkServlet [http-nio-8080-exec-1] Initializing Servlet 'dispatcherServlet'
2025-11-24 08:38:32,576 INFO o.s.w.s.FrameworkServlet [http-nio-8080-exec-1] Completed initialization in 1 ms
2025-11-24 08:38:34,000 INFO o.e.s.CustomUserDetailsService [http-nio-8080-exec-6] Đang tìm tài khoản với tên đăng nhập: admin
2025-11-24 08:38:34,094 INFO o.e.s.CustomUserDetailsService [http-nio-8080-exec-6] Đã tìm thấy tài khoản. Mã TK: 3579, Tên đăng nhập: admin, Loại TK: NV, Trạng thái: 1, Enabled: true
2025-11-24 08:38:34,094 INFO o.e.s.CustomUserDetailsService [http-nio-8080-exec-6] Loại tài khoản: NV, Authorities: [ROLE_ADMIN, ROLE_NHAN_VIEN]
2025-11-24 08:38:46,627 WARN o.h.e.j.s.SqlExceptionHelper [http-nio-8080-exec-10] SQL Error: 1062, SQLState: 23000
2025-11-24 08:38:46,627 ERROR o.h.e.j.s.SqlExceptionHelper [http-nio-8080-exec-10] Duplicate entry '112' for key 'phong.so_phong'
2025-11-24 08:40:31,492 INFO o.s.o.j.AbstractEntityManagerFactoryBean [SpringApplicationShutdownHook] Closing JPA EntityManagerFactory for persistence unit 'default'
2025-11-24 08:40:31,493 INFO c.z.h.HikariDataSource [SpringApplicationShutdownHook] HikariPool-1 - Shutdown initiated...
2025-11-24 08:40:31,497 INFO c.z.h.HikariDataSource [SpringApplicationShutdownHook] HikariPool-1 - Shutdown completed.
2025-11-24 08:40:40,898 INFO o.h.v.i.u.Version [background-preinit] HV000001: Hibernate Validator 8.0.1.Final
2025-11-24 08:40:40,927 INFO o.s.b.StartupInfoLogger [main] Starting Application using Java 17.0.12 with PID 178361 (/home/guyguy/IdeaProjects/code4/dactaphanmem/target/classes started by guyguy in /home/guyguy/IdeaProjects/code4/dactaphanmem)
2025-11-24 08:40:40,928 DEBUG o.s.b.StartupInfoLogger [main] Running with Spring Boot v3.2.5, Spring v6.1.6
2025-11-24 08:40:40,929 INFO o.s.b.SpringApplication [main] No active profile set, falling back to 1 default profile: "default"
2025-11-24 08:40:41,398 INFO o.s.d.r.c.RepositoryConfigurationDelegate [main] Bootstrapping Spring Data JPA repositories in DEFAULT mode.
2025-11-24 08:40:41,454 INFO o.s.d.r.c.RepositoryConfigurationDelegate [main] Finished Spring Data repository scanning in 51 ms. Found 13 JPA repository interfaces.
2025-11-24 08:40:41,797 INFO o.s.b.w.e.t.TomcatWebServer [main] Tomcat initialized with port 8080 (http)
2025-11-24 08:40:41,803 INFO o.a.j.l.DirectJDKLog [main] Initializing ProtocolHandler ["http-nio-8080"]
2025-11-24 08:40:41,805 INFO o.a.j.l.DirectJDKLog [main] Starting service [Tomcat]
2025-11-24 08:40:41,805 INFO o.a.j.l.DirectJDKLog [main] Starting Servlet engine: [Apache Tomcat/10.1.20]
2025-11-24 08:40:41,838 INFO o.a.j.l.DirectJDKLog [main] Initializing Spring embedded WebApplicationContext
2025-11-24 08:40:41,839 INFO o.s.b.w.s.c.ServletWebServerApplicationContext [main] Root WebApplicationContext: initialization completed in 883 ms
2025-11-24 08:40:41,939 INFO o.h.j.i.u.LogHelper [main] HHH000204: Processing PersistenceUnitInfo [name: default]
2025-11-24 08:40:41,971 INFO o.h.Version [main] HHH000412: Hibernate ORM core version 6.4.4.Final
2025-11-24 08:40:41,988 INFO o.h.c.i.RegionFactoryInitiator [main] HHH000026: Second-level cache disabled
2025-11-24 08:40:42,115 INFO o.s.o.j.p.SpringPersistenceUnitInfo [main] No LoadTimeWeaver setup: ignoring JPA class transformer
2025-11-24 08:40:42,131 INFO c.z.h.HikariDataSource [main] HikariPool-1 - Starting...
2025-11-24 08:40:42,222 INFO c.z.h.p.HikariPool [main] HikariPool-1 - Added connection com.mysql.cj.jdbc.ConnectionImpl@5a8d676e
2025-11-24 08:40:42,224 INFO c.z.h.HikariDataSource [main] HikariPool-1 - Start completed.
2025-11-24 08:40:42,250 WARN o.h.e.j.d.i.DialectFactoryImpl [main] HHH90000025: MySQLDialect does not need to be specified explicitly using 'hibernate.dialect' (remove the property setting and it will be selected by default)
2025-11-24 08:40:42,834 INFO o.h.e.t.j.p.i.JtaPlatformInitiator [main] HHH000489: No JTA platform available (set 'hibernate.transaction.jta.platform' to enable JTA platform integration)
2025-11-24 08:40:42,836 INFO o.s.o.j.AbstractEntityManagerFactoryBean [main] Initialized JPA EntityManagerFactory for persistence unit 'default'
2025-11-24 08:40:43,037 INFO o.s.d.j.r.q.QueryEnhancerFactory [main] Hibernate is in classpath; If applicable, HQL parser will be used.
2025-11-24 08:40:43,410 WARN o.s.b.a.o.j.JpaBaseConfiguration$JpaWebConfiguration [main] spring.jpa.open-in-view is enabled by default. Therefore, database queries may be performed during view rendering. Explicitly configure spring.jpa.open-in-view to disable this warning
2025-11-24 08:40:43,585 INFO o.s.s.w.DefaultSecurityFilterChain [main] Will secure any request with [org.springframework.security.web.session.DisableEncodeUrlFilter@5563a63f, org.springframework.security.web.context.request.async.WebAsyncManagerIntegrationFilter@20a3118, org.springframework.security.web.context.SecurityContextHolderFilter@54d8236c, org.springframework.security.web.header.HeaderWriterFilter@1077a7, org.springframework.web.filter.CorsFilter@28068327, org.springframework.security.web.csrf.CsrfFilter@5b628249, org.springframework.security.web.authentication.logout.LogoutFilter@45accb5, org.springframework.security.web.authentication.UsernamePasswordAuthenticationFilter@85446a, org.springframework.security.web.session.ConcurrentSessionFilter@5edeb83e, org.springframework.security.web.savedrequest.RequestCacheAwareFilter@15382815, org.springframework.security.web.servletapi.SecurityContextHolderAwareRequestFilter@39b265c9, org.springframework.security.web.authentication.AnonymousAuthenticationFilter@3d8c3d0a, org.springframework.security.web.session.SessionManagementFilter@3110bb19, org.springframework.security.web.access.ExceptionTranslationFilter@766534b0, org.springframework.security.web.access.intercept.AuthorizationFilter@4823f3b8]
2025-11-24 08:40:43,731 INFO o.a.j.l.DirectJDKLog [main] Starting ProtocolHandler ["http-nio-8080"]
2025-11-24 08:40:43,739 INFO o.s.b.w.e.t.TomcatWebServer [main] Tomcat started on port 8080 (http) with context path ''
2025-11-24 08:40:43,745 INFO o.s.b.StartupInfoLogger [main] Started Application in 3.156 seconds (process running for 3.362)
2025-11-24 08:40:46,736 INFO o.a.j.l.DirectJDKLog [http-nio-8080-exec-1] Initializing Spring DispatcherServlet 'dispatcherServlet'
2025-11-24 08:40:46,736 INFO o.s.w.s.FrameworkServlet [http-nio-8080-exec-1] Initializing Servlet 'dispatcherServlet'
2025-11-24 08:40:46,738 INFO o.s.w.s.FrameworkServlet [http-nio-8080-exec-1] Completed initialization in 1 ms
2025-11-24 08:40:48,185 INFO o.e.s.CustomUserDetailsService [http-nio-8080-exec-6] Đang tìm tài khoản với tên đăng nhập: admin
2025-11-24 08:40:48,278 INFO o.e.s.CustomUserDetailsService [http-nio-8080-exec-6] Đã tìm thấy tài khoản. Mã TK: 3579, Tên đăng nhập: admin, Loại TK: NV, Trạng thái: 1, Enabled: true
2025-11-24 08:40:48,279 INFO o.e.s.CustomUserDetailsService [http-nio-8080-exec-6] Loại tài khoản: NV, Authorities: [ROLE_ADMIN, ROLE_NHAN_VIEN]
2025-11-24 08:46:22,857 INFO o.s.o.j.AbstractEntityManagerFactoryBean [SpringApplicationShutdownHook] Closing JPA EntityManagerFactory for persistence unit 'default'
2025-11-24 08:46:22,859 INFO c.z.h.HikariDataSource [SpringApplicationShutdownHook] HikariPool-1 - Shutdown initiated...
2025-11-24 08:46:22,865 INFO c.z.h.HikariDataSource [SpringApplicationShutdownHook] HikariPool-1 - Shutdown completed.
2025-11-24 08:46:25,129 INFO o.h.v.i.u.Version [background-preinit] HV000001: Hibernate Validator 8.0.1.Final
2025-11-24 08:46:25,160 INFO o.s.b.StartupInfoLogger [main] Starting Application using Java 17.0.12 with PID 185312 (/home/guyguy/IdeaProjects/code4/dactaphanmem/target/classes started by guyguy in /home/guyguy/IdeaProjects/code4/dactaphanmem)
2025-11-24 08:46:25,161 DEBUG o.s.b.StartupInfoLogger [main] Running with Spring Boot v3.2.5, Spring v6.1.6
2025-11-24 08:46:25,162 INFO o.s.b.SpringApplication [main] No active profile set, falling back to 1 default profile: "default"
2025-11-24 08:46:25,985 INFO o.s.d.r.c.RepositoryConfigurationDelegate [main] Bootstrapping Spring Data JPA repositories in DEFAULT mode.
2025-11-24 08:46:26,099 INFO o.s.d.r.c.RepositoryConfigurationDelegate [main] Finished Spring Data repository scanning in 104 ms. Found 13 JPA repository interfaces.
2025-11-24 08:46:26,509 INFO o.h.v.i.u.Version [background-preinit] HV000001: Hibernate Validator 8.0.1.Final
2025-11-24 08:46:26,550 INFO o.s.b.StartupInfoLogger [main] Starting Application using Java 17.0.12 with PID 185390 (/home/guyguy/IdeaProjects/code4/dactaphanmem/target/classes started by guyguy in /home/guyguy/IdeaProjects/code4/dactaphanmem)
2025-11-24 08:46:26,551 DEBUG o.s.b.StartupInfoLogger [main] Running with Spring Boot v3.2.5, Spring v6.1.6
2025-11-24 08:46:26,552 INFO o.s.b.SpringApplication [main] No active profile set, falling back to 1 default profile: "default"
2025-11-24 08:46:26,945 INFO o.s.b.w.e.t.TomcatWebServer [main] Tomcat initialized with port 8080 (http)
2025-11-24 08:46:26,957 INFO o.a.j.l.DirectJDKLog [main] Initializing ProtocolHandler ["http-nio-8080"]
2025-11-24 08:46:26,961 INFO o.a.j.l.DirectJDKLog [main] Starting service [Tomcat]
2025-11-24 08:46:26,961 INFO o.a.j.l.DirectJDKLog [main] Starting Servlet engine: [Apache Tomcat/10.1.20]
2025-11-24 08:46:27,015 INFO o.a.j.l.DirectJDKLog [main] Initializing Spring embedded WebApplicationContext
2025-11-24 08:46:27,017 INFO o.s.b.w.s.c.ServletWebServerApplicationContext [main] Root WebApplicationContext: initialization completed in 1813 ms
2025-11-24 08:46:27,186 INFO o.h.j.i.u.LogHelper [main] HHH000204: Processing PersistenceUnitInfo [name: default]
2025-11-24 08:46:27,243 INFO o.h.Version [main] HHH000412: Hibernate ORM core version 6.4.4.Final
2025-11-24 08:46:27,274 INFO o.h.c.i.RegionFactoryInitiator [main] HHH000026: Second-level cache disabled
2025-11-24 08:46:27,345 INFO o.s.d.r.c.RepositoryConfigurationDelegate [main] Bootstrapping Spring Data JPA repositories in DEFAULT mode.
2025-11-24 08:46:27,417 INFO o.s.d.r.c.RepositoryConfigurationDelegate [main] Finished Spring Data repository scanning in 63 ms. Found 13 JPA repository interfaces.
2025-11-24 08:46:27,474 INFO o.s.o.j.p.SpringPersistenceUnitInfo [main] No LoadTimeWeaver setup: ignoring JPA class transformer
2025-11-24 08:46:27,499 INFO c.z.h.HikariDataSource [main] HikariPool-1 - Starting...
2025-11-24 08:46:27,658 INFO c.z.h.p.HikariPool [main] HikariPool-1 - Added connection com.mysql.cj.jdbc.ConnectionImpl@2d4f67e
2025-11-24 08:46:27,661 INFO c.z.h.HikariDataSource [main] HikariPool-1 - Start completed.
2025-11-24 08:46:27,734 WARN o.h.e.j.d.i.DialectFactoryImpl [main] HHH90000025: MySQLDialect does not need to be specified explicitly using 'hibernate.dialect' (remove the property setting and it will be selected by default)
2025-11-24 08:46:28,017 INFO o.s.b.w.e.t.TomcatWebServer [main] Tomcat initialized with port 8080 (http)
2025-11-24 08:46:28,029 INFO o.a.j.l.DirectJDKLog [main] Initializing ProtocolHandler ["http-nio-8080"]
2025-11-24 08:46:28,032 INFO o.a.j.l.DirectJDKLog [main] Starting service [Tomcat]
2025-11-24 08:46:28,032 INFO o.a.j.l.DirectJDKLog [main] Starting Servlet engine: [Apache Tomcat/10.1.20]
2025-11-24 08:46:28,083 INFO o.a.j.l.DirectJDKLog [main] Initializing Spring embedded WebApplicationContext
2025-11-24 08:46:28,085 INFO o.s.b.w.s.c.ServletWebServerApplicationContext [main] Root WebApplicationContext: initialization completed in 1482 ms
2025-11-24 08:46:28,221 INFO o.h.j.i.u.LogHelper [main] HHH000204: Processing PersistenceUnitInfo [name: default]
2025-11-24 08:46:28,258 INFO o.h.Version [main] HHH000412: Hibernate ORM core version 6.4.4.Final
2025-11-24 08:46:28,289 INFO o.h.c.i.RegionFactoryInitiator [main] HHH000026: Second-level cache disabled
2025-11-24 08:46:28,472 INFO o.s.o.j.p.SpringPersistenceUnitInfo [main] No LoadTimeWeaver setup: ignoring JPA class transformer
2025-11-24 08:46:28,500 INFO c.z.h.HikariDataSource [main] HikariPool-1 - Starting...
2025-11-24 08:46:28,628 INFO c.z.h.p.HikariPool [main] HikariPool-1 - Added connection com.mysql.cj.jdbc.ConnectionImpl@5bb97fe7
2025-11-24 08:46:28,630 INFO c.z.h.HikariDataSource [main] HikariPool-1 - Start completed.
2025-11-24 08:46:28,654 INFO o.h.e.t.j.p.i.JtaPlatformInitiator [main] HHH000489: No JTA platform available (set 'hibernate.transaction.jta.platform' to enable JTA platform integration)
2025-11-24 08:46:28,657 INFO o.s.o.j.AbstractEntityManagerFactoryBean [main] Initialized JPA EntityManagerFactory for persistence unit 'default'
2025-11-24 08:46:28,664 WARN o.h.e.j.d.i.DialectFactoryImpl [main] HHH90000025: MySQLDialect does not need to be specified explicitly using 'hibernate.dialect' (remove the property setting and it will be selected by default)
2025-11-24 08:46:28,940 INFO o.s.d.j.r.q.QueryEnhancerFactory [main] Hibernate is in classpath; If applicable, HQL parser will be used.
2025-11-24 08:46:29,489 WARN o.s.b.a.o.j.JpaBaseConfiguration$JpaWebConfiguration [main] spring.jpa.open-in-view is enabled by default. Therefore, database queries may be performed during view rendering. Explicitly configure spring.jpa.open-in-view to disable this warning
2025-11-24 08:46:29,600 INFO o.h.e.t.j.p.i.JtaPlatformInitiator [main] HHH000489: No JTA platform available (set 'hibernate.transaction.jta.platform' to enable JTA platform integration)
2025-11-24 08:46:29,603 INFO o.s.o.j.AbstractEntityManagerFactoryBean [main] Initialized JPA EntityManagerFactory for persistence unit 'default'
2025-11-24 08:46:29,755 INFO o.s.s.w.DefaultSecurityFilterChain [main] Will secure any request with [org.springframework.security.web.session.DisableEncodeUrlFilter@55a7f0af, org.springframework.security.web.context.request.async.WebAsyncManagerIntegrationFilter@12db2921, org.springframework.security.web.context.SecurityContextHolderFilter@48ebcce5, org.springframework.security.web.header.HeaderWriterFilter@796267e8, org.springframework.web.filter.CorsFilter@f6e9c18, org.springframework.security.web.csrf.CsrfFilter@419ac0f5, org.springframework.security.web.authentication.logout.LogoutFilter@3a7abd4, org.springframework.security.web.authentication.UsernamePasswordAuthenticationFilter@693676d, org.springframework.security.web.session.ConcurrentSessionFilter@6e0fd2dc, org.springframework.security.web.savedrequest.RequestCacheAwareFilter@199549a5, org.springframework.security.web.servletapi.SecurityContextHolderAwareRequestFilter@5edeb83e, org.springframework.security.web.authentication.AnonymousAuthenticationFilter@75225415, org.springframework.security.web.session.SessionManagementFilter@6cbbfe03, org.springframework.security.web.access.ExceptionTranslationFilter@27959922, org.springframework.security.web.access.intercept.AuthorizationFilter@879f852]
2025-11-24 08:46:29,874 INFO o.s.d.j.r.q.QueryEnhancerFactory [main] Hibernate is in classpath; If applicable, HQL parser will be used.
2025-11-24 08:46:30,050 INFO o.a.j.l.DirectJDKLog [main] Starting ProtocolHandler ["http-nio-8080"]
2025-11-24 08:46:30,068 INFO o.s.b.w.e.t.TomcatWebServer [main] Tomcat started on port 8080 (http) with context path ''
2025-11-24 08:46:30,077 INFO o.s.b.StartupInfoLogger [main] Started Application in 5.328 seconds (process running for 5.628)
2025-11-24 08:46:30,535 WARN o.s.b.a.o.j.JpaBaseConfiguration$JpaWebConfiguration [main] spring.jpa.open-in-view is enabled by default. Therefore, database queries may be performed during view rendering. Explicitly configure spring.jpa.open-in-view to disable this warning
2025-11-24 08:46:30,759 INFO o.s.s.w.DefaultSecurityFilterChain [main] Will secure any request with [org.springframework.security.web.session.DisableEncodeUrlFilter@879f852, org.springframework.security.web.context.request.async.WebAsyncManagerIntegrationFilter@693676d, org.springframework.security.web.context.SecurityContextHolderFilter@84180e2, org.springframework.security.web.header.HeaderWriterFilter@4b6abf4e, org.springframework.web.filter.CorsFilter@2a0a178f, org.springframework.security.web.csrf.CsrfFilter@2b8106fa, org.springframework.security.web.authentication.logout.LogoutFilter@3bc00359, org.springframework.security.web.authentication.UsernamePasswordAuthenticationFilter@7b5afde5, org.springframework.security.web.session.ConcurrentSessionFilter@766534b0, org.springframework.security.web.savedrequest.RequestCacheAwareFilter@11bac6d7, org.springframework.security.web.servletapi.SecurityContextHolderAwareRequestFilter@48ebcce5, org.springframework.security.web.authentication.AnonymousAuthenticationFilter@55a7f0af, org.springframework.security.web.session.SessionManagementFilter@794daa09, org.springframework.security.web.access.ExceptionTranslationFilter@310df168, org.springframework.security.web.access.intercept.AuthorizationFilter@1b32aaca]
2025-11-24 08:46:30,921 INFO o.a.j.l.DirectJDKLog [main] Starting ProtocolHandler ["http-nio-8080"]
2025-11-24 08:46:30,926 WARN o.s.c.s.AbstractApplicationContext [main] Exception encountered during context initialization - cancelling refresh attempt: org.springframework.context.ApplicationContextException: Failed to start bean 'webServerStartStop'
2025-11-24 08:46:30,928 INFO o.s.o.j.AbstractEntityManagerFactoryBean [main] Closing JPA EntityManagerFactory for persistence unit 'default'
2025-11-24 08:46:30,930 INFO c.z.h.HikariDataSource [main] HikariPool-1 - Shutdown initiated...
2025-11-24 08:46:30,935 INFO c.z.h.HikariDataSource [main] HikariPool-1 - Shutdown completed.
2025-11-24 08:46:30,948 INFO o.s.b.a.l.ConditionEvaluationReportLogger [main] 

Error starting ApplicationContext. To display the condition evaluation report re-run your application with 'debug' enabled.
2025-11-24 08:46:30,971 ERROR o.s.b.d.LoggingFailureAnalysisReporter [main] 

***************************
APPLICATION FAILED TO START
***************************

Description:

Web server failed to start. Port 8080 was already in use.

Action:

Identify and stop the process that's listening on port 8080 or configure this application to listen on another port.

2025-11-24 08:46:31,889 INFO o.a.j.l.DirectJDKLog [http-nio-8080-exec-1] Initializing Spring DispatcherServlet 'dispatcherServlet'
2025-11-24 08:46:31,889 INFO o.s.w.s.FrameworkServlet [http-nio-8080-exec-1] Initializing Servlet 'dispatcherServlet'
2025-11-24 08:46:31,891 INFO o.s.w.s.FrameworkServlet [http-nio-8080-exec-1] Completed initialization in 1 ms
2025-11-24 08:46:34,449 INFO o.e.s.CustomUserDetailsService [http-nio-8080-exec-7] Đang tìm tài khoản với tên đăng nhập: admin
2025-11-24 08:46:34,547 INFO o.e.s.CustomUserDetailsService [http-nio-8080-exec-7] Đã tìm thấy tài khoản. Mã TK: 3579, Tên đăng nhập: admin, Loại TK: NV, Trạng thái: 1, Enabled: true
2025-11-24 08:46:34,548 INFO o.e.s.CustomUserDetailsService [http-nio-8080-exec-7] Loại tài khoản: NV, Authorities: [ROLE_ADMIN, ROLE_NHAN_VIEN]
2025-11-24 08:49:27,137 INFO o.s.o.j.AbstractEntityManagerFactoryBean [SpringApplicationShutdownHook] Closing JPA EntityManagerFactory for persistence unit 'default'
2025-11-24 08:49:27,139 INFO c.z.h.HikariDataSource [SpringApplicationShutdownHook] HikariPool-1 - Shutdown initiated...
2025-11-24 08:49:27,144 INFO c.z.h.HikariDataSource [SpringApplicationShutdownHook] HikariPool-1 - Shutdown completed.
2025-11-24 08:49:29,907 INFO o.h.v.i.u.Version [background-preinit] HV000001: Hibernate Validator 8.0.1.Final
2025-11-24 08:49:29,931 INFO o.s.b.StartupInfoLogger [main] Starting Application using Java 17.0.12 with PID 188708 (/home/guyguy/IdeaProjects/code4/dactaphanmem/target/classes started by guyguy in /home/guyguy/IdeaProjects/code4/dactaphanmem)
2025-11-24 08:49:29,932 DEBUG o.s.b.StartupInfoLogger [main] Running with Spring Boot v3.2.5, Spring v6.1.6
2025-11-24 08:49:29,932 INFO o.s.b.SpringApplication [main] No active profile set, falling back to 1 default profile: "default"
2025-11-24 08:49:30,533 INFO o.s.d.r.c.RepositoryConfigurationDelegate [main] Bootstrapping Spring Data JPA repositories in DEFAULT mode.
2025-11-24 08:49:30,589 INFO o.s.d.r.c.RepositoryConfigurationDelegate [main] Finished Spring Data repository scanning in 49 ms. Found 13 JPA repository interfaces.
2025-11-24 08:49:31,000 INFO o.s.b.w.e.t.TomcatWebServer [main] Tomcat initialized with port 8080 (http)
2025-11-24 08:49:31,007 INFO o.a.j.l.DirectJDKLog [main] Initializing ProtocolHandler ["http-nio-8080"]
2025-11-24 08:49:31,008 INFO o.a.j.l.DirectJDKLog [main] Starting service [Tomcat]
2025-11-24 08:49:31,008 INFO o.a.j.l.DirectJDKLog [main] Starting Servlet engine: [Apache Tomcat/10.1.20]
2025-11-24 08:49:31,045 INFO o.a.j.l.DirectJDKLog [main] Initializing Spring embedded WebApplicationContext
2025-11-24 08:49:31,047 INFO o.s.b.w.s.c.ServletWebServerApplicationContext [main] Root WebApplicationContext: initialization completed in 1079 ms
2025-11-24 08:49:31,163 INFO o.h.j.i.u.LogHelper [main] HHH000204: Processing PersistenceUnitInfo [name: default]
2025-11-24 08:49:31,192 INFO o.h.Version [main] HHH000412: Hibernate ORM core version 6.4.4.Final
2025-11-24 08:49:31,216 INFO o.h.c.i.RegionFactoryInitiator [main] HHH000026: Second-level cache disabled
2025-11-24 08:49:31,354 INFO o.s.o.j.p.SpringPersistenceUnitInfo [main] No LoadTimeWeaver setup: ignoring JPA class transformer
2025-11-24 08:49:31,370 INFO c.z.h.HikariDataSource [main] HikariPool-1 - Starting...
2025-11-24 08:49:31,470 INFO c.z.h.p.HikariPool [main] HikariPool-1 - Added connection com.mysql.cj.jdbc.ConnectionImpl@733fae8
2025-11-24 08:49:31,471 INFO c.z.h.HikariDataSource [main] HikariPool-1 - Start completed.
2025-11-24 08:49:31,498 WARN o.h.e.j.d.i.DialectFactoryImpl [main] HHH90000025: MySQLDialect does not need to be specified explicitly using 'hibernate.dialect' (remove the property setting and it will be selected by default)
2025-11-24 08:49:32,118 INFO o.h.e.t.j.p.i.JtaPlatformInitiator [main] HHH000489: No JTA platform available (set 'hibernate.transaction.jta.platform' to enable JTA platform integration)
2025-11-24 08:49:32,120 INFO o.s.o.j.AbstractEntityManagerFactoryBean [main] Initialized JPA EntityManagerFactory for persistence unit 'default'
2025-11-24 08:49:32,307 INFO o.s.d.j.r.q.QueryEnhancerFactory [main] Hibernate is in classpath; If applicable, HQL parser will be used.
2025-11-24 08:49:32,747 WARN o.s.b.a.o.j.JpaBaseConfiguration$JpaWebConfiguration [main] spring.jpa.open-in-view is enabled by default. Therefore, database queries may be performed during view rendering. Explicitly configure spring.jpa.open-in-view to disable this warning
2025-11-24 08:49:32,937 INFO o.s.s.w.DefaultSecurityFilterChain [main] Will secure any request with [org.springframework.security.web.session.DisableEncodeUrlFilter@4efb7c99, org.springframework.security.web.context.request.async.WebAsyncManagerIntegrationFilter@5563a63f, org.springframework.security.web.context.SecurityContextHolderFilter@5f6e6902, org.springframework.security.web.header.HeaderWriterFilter@4f1cb802, org.springframework.web.filter.CorsFilter@20a3118, org.springframework.security.web.csrf.CsrfFilter@1a18e18d, org.springframework.security.web.authentication.logout.LogoutFilter@2640f5ea, org.springframework.security.web.authentication.UsernamePasswordAuthenticationFilter@4823f3b8, org.springframework.security.web.session.ConcurrentSessionFilter@199549a5, org.springframework.security.web.savedrequest.RequestCacheAwareFilter@5697f801, org.springframework.security.web.servletapi.SecurityContextHolderAwareRequestFilter@15382815, org.springframework.security.web.authentication.AnonymousAuthenticationFilter@28068327, org.springframework.security.web.session.SessionManagementFilter@6e0fd2dc, org.springframework.security.web.access.ExceptionTranslationFilter@4f142cbd, org.springframework.security.web.access.intercept.AuthorizationFilter@2fc698a9]
2025-11-24 08:49:33,102 INFO o.a.j.l.DirectJDKLog [main] Starting ProtocolHandler ["http-nio-8080"]
2025-11-24 08:49:33,111 INFO o.s.b.w.e.t.TomcatWebServer [main] Tomcat started on port 8080 (http) with context path ''
2025-11-24 08:49:33,119 INFO o.s.b.StartupInfoLogger [main] Started Application in 3.598 seconds (process running for 3.804)
2025-11-24 08:49:37,792 INFO o.a.j.l.DirectJDKLog [http-nio-8080-exec-1] Initializing Spring DispatcherServlet 'dispatcherServlet'
2025-11-24 08:49:37,792 INFO o.s.w.s.FrameworkServlet [http-nio-8080-exec-1] Initializing Servlet 'dispatcherServlet'
2025-11-24 08:49:37,793 INFO o.s.w.s.FrameworkServlet [http-nio-8080-exec-1] Completed initialization in 1 ms
2025-11-24 08:49:44,848 INFO o.e.s.CustomUserDetailsService [http-nio-8080-exec-6] Đang tìm tài khoản với tên đăng nhập: admin
2025-11-24 08:49:44,947 INFO o.e.s.CustomUserDetailsService [http-nio-8080-exec-6] Đã tìm thấy tài khoản. Mã TK: 3579, Tên đăng nhập: admin, Loại TK: NV, Trạng thái: 1, Enabled: true
2025-11-24 08:49:44,948 INFO o.e.s.CustomUserDetailsService [http-nio-8080-exec-6] Loại tài khoản: NV, Authorities: [ROLE_ADMIN, ROLE_NHAN_VIEN]
2025-11-24 08:51:54,045 INFO o.e.s.AuthenticationService [http-nio-8080-exec-9] Bắt đầu đăng ký tài khoản cho username: 223630781
2025-11-24 08:51:54,118 INFO o.e.s.AuthenticationService [http-nio-8080-exec-9] Đã lưu tài khoản thành công. Mã TK: 3584
2025-11-24 08:51:54,124 INFO o.e.s.AuthenticationService [http-nio-8080-exec-9] Đã tạo thông tin sinh viên với maSV: 223630781
2025-11-24 08:51:54,126 INFO o.e.s.AuthenticationService [http-nio-8080-exec-9] Tạo mã OTP mới (activation) : 275384 cho user: 223630781
2025-11-24 08:51:54,665 INFO o.e.s.AuthenticationService [http-nio-8080-exec-7] Bắt đầu đăng ký tài khoản cho username: 223630781
2025-11-24 08:51:56,196 INFO o.e.s.AuthenticationService [http-nio-8080-exec-10] Bắt đầu đăng ký tài khoản cho username: 223630781
2025-11-24 08:52:02,889 INFO o.e.s.AuthenticationService [http-nio-8080-exec-9] Đã gửi OTP (activation) đến email: tvqqiyi7@gmail.com
2025-11-24 08:52:02,910 WARN o.h.e.j.s.SqlExceptionHelper [http-nio-8080-exec-7] SQL Error: 1062, SQLState: 23000
2025-11-24 08:52:02,910 WARN o.h.e.j.s.SqlExceptionHelper [http-nio-8080-exec-10] SQL Error: 1062, SQLState: 23000
2025-11-24 08:52:02,910 ERROR o.h.e.j.s.SqlExceptionHelper [http-nio-8080-exec-10] Duplicate entry '223630781' for key 'tai_khoan.ten_dang_nhap'
2025-11-24 08:52:02,910 ERROR o.h.e.j.s.SqlExceptionHelper [http-nio-8080-exec-7] Duplicate entry '223630781' for key 'tai_khoan.ten_dang_nhap'
2025-11-24 08:52:02,916 ERROR o.e.c.AuthController [http-nio-8080-exec-10] Lỗi khi đăng ký tài khoản: could not execute statement [Duplicate entry '223630781' for key 'tai_khoan.ten_dang_nhap'] [insert into tai_khoan (email,enabled,loai_tk,mat_khau,ten_dang_nhap,trang_thai) values (?,?,?,?,?,?)]; SQL [insert into tai_khoan (email,enabled,loai_tk,mat_khau,ten_dang_nhap,trang_thai) values (?,?,?,?,?,?)]; constraint [tai_khoan.ten_dang_nhap]
org.springframework.dao.DataIntegrityViolationException: could not execute statement [Duplicate entry '223630781' for key 'tai_khoan.ten_dang_nhap'] [insert into tai_khoan (email,enabled,loai_tk,mat_khau,ten_dang_nhap,trang_thai) values (?,?,?,?,?,?)]; SQL [insert into tai_khoan (email,enabled,loai_tk,mat_khau,ten_dang_nhap,trang_thai) values (?,?,?,?,?,?)]; constraint [tai_khoan.ten_dang_nhap]
	at org.springframework.orm.jpa.vendor.HibernateJpaDialect.convertHibernateAccessException(HibernateJpaDialect.java:290)
	at org.springframework.orm.jpa.vendor.HibernateJpaDialect.translateExceptionIfPossible(HibernateJpaDialect.java:241)
	at org.springframework.orm.jpa.AbstractEntityManagerFactoryBean.translateExceptionIfPossible(AbstractEntityManagerFactoryBean.java:550)
	at org.springframework.dao.support.ChainedPersistenceExceptionTranslator.translateExceptionIfPossible(ChainedPersistenceExceptionTranslator.java:61)
	at org.springframework.dao.support.DataAccessUtils.translateIfNecessary(DataAccessUtils.java:335)
	at org.springframework.dao.support.PersistenceExceptionTranslationInterceptor.invoke(PersistenceExceptionTranslationInterceptor.java:152)
	at org.springframework.aop.framework.ReflectiveMethodInvocation.proceed(ReflectiveMethodInvocation.java:184)
	at org.springframework.data.jpa.repository.support.CrudMethodMetadataPostProcessor$CrudMethodMetadataPopulatingMethodInterceptor.invoke(CrudMethodMetadataPostProcessor.java:164)
	at org.springframework.aop.framework.ReflectiveMethodInvocation.proceed(ReflectiveMethodInvocation.java:184)
	at org.springframework.aop.interceptor.ExposeInvocationInterceptor.invoke(ExposeInvocationInterceptor.java:97)
	at org.springframework.aop.framework.ReflectiveMethodInvocation.proceed(ReflectiveMethodInvocation.java:184)
	at org.springframework.aop.framework.JdkDynamicAopProxy.invoke(JdkDynamicAopProxy.java:223)
	at jdk.proxy2/jdk.proxy2.$Proxy139.save(Unknown Source)
	at org.example.service.AuthenticationService.register(AuthenticationService.java:104)
	at java.base/jdk.internal.reflect.NativeMethodAccessorImpl.invoke0(Native Method)
	at java.base/jdk.internal.reflect.NativeMethodAccessorImpl.invoke(NativeMethodAccessorImpl.java:77)
	at java.base/jdk.internal.reflect.DelegatingMethodAccessorImpl.invoke(DelegatingMethodAccessorImpl.java:43)
	at java.base/java.lang.reflect.Method.invoke(Method.java:568)
	at org.springframework.aop.support.AopUtils.invokeJoinpointUsingReflection(AopUtils.java:354)
	at org.springframework.aop.framework.ReflectiveMethodInvocation.invokeJoinpoint(ReflectiveMethodInvocation.java:196)
	at org.springframework.aop.framework.ReflectiveMethodInvocation.proceed(ReflectiveMethodInvocation.java:163)
	at org.springframework.aop.framework.CglibAopProxy$CglibMethodInvocation.proceed(CglibAopProxy.java:768)
	at org.springframework.transaction.interceptor.TransactionInterceptor$1.proceedWithInvocation(TransactionInterceptor.java:123)
	at org.springframework.transaction.interceptor.TransactionAspectSupport.invokeWithinTransaction(TransactionAspectSupport.java:392)
	at org.springframework.transaction.interceptor.TransactionInterceptor.invoke(TransactionInterceptor.java:119)
	at org.springframework.aop.framework.ReflectiveMethodInvocation.proceed(ReflectiveMethodInvocation.java:184)
	at org.springframework.aop.framework.CglibAopProxy$CglibMethodInvocation.proceed(CglibAopProxy.java:768)
	at org.springframework.aop.framework.CglibAopProxy$DynamicAdvisedInterceptor.intercept(CglibAopProxy.java:720)
	at org.example.service.AuthenticationService$$SpringCGLIB$$0.register(<generated>)
	at org.example.controller.AuthController.register(AuthController.java:71)
	at java.base/jdk.internal.reflect.NativeMethodAccessorImpl.invoke0(Native Method)
	at java.base/jdk.internal.reflect.NativeMethodAccessorImpl.invoke(NativeMethodAccessorImpl.java:77)
	at java.base/jdk.internal.reflect.DelegatingMethodAccessorImpl.invoke(DelegatingMethodAccessorImpl.java:43)
	at java.base/java.lang.reflect.Method.invoke(Method.java:568)
	at org.springframework.web.method.support.InvocableHandlerMethod.doInvoke(InvocableHandlerMethod.java:255)
	at org.springframework.web.method.support.InvocableHandlerMethod.invokeForRequest(InvocableHandlerMethod.java:188)
	at org.springframework.web.servlet.mvc.method.annotation.ServletInvocableHandlerMethod.invokeAndHandle(ServletInvocableHandlerMethod.java:118)
	at org.springframework.web.servlet.mvc.method.annotation.RequestMappingHandlerAdapter.invokeHandlerMethod(RequestMappingHandlerAdapter.java:926)
	at org.springframework.web.servlet.mvc.method.annotation.RequestMappingHandlerAdapter.handleInternal(RequestMappingHandlerAdapter.java:831)
	at org.springframework.web.servlet.mvc.method.AbstractHandlerMethodAdapter.handle(AbstractHandlerMethodAdapter.java:87)
	at org.springframework.web.servlet.DispatcherServlet.doDispatch(DispatcherServlet.java:1089)
	at org.springframework.web.servlet.DispatcherServlet.doService(DispatcherServlet.java:979)
	at org.springframework.web.servlet.FrameworkServlet.processRequest(FrameworkServlet.java:1014)
	at org.springframework.web.servlet.FrameworkServlet.doPost(FrameworkServlet.java:914)
	at jakarta.servlet.http.HttpServlet.service(HttpServlet.java:590)
	at org.springframework.web.servlet.FrameworkServlet.service(FrameworkServlet.java:885)
	at jakarta.servlet.http.HttpServlet.service(HttpServlet.java:658)
	at org.apache.catalina.core.ApplicationFilterChain.internalDoFilter(ApplicationFilterChain.java:206)
	at org.apache.catalina.core.ApplicationFilterChain.doFilter(ApplicationFilterChain.java:150)
	at org.apache.tomcat.websocket.server.WsFilter.doFilter(WsFilter.java:51)
	at org.apache.catalina.core.ApplicationFilterChain.internalDoFilter(ApplicationFilterChain.java:175)
	at org.apache.catalina.core.ApplicationFilterChain.doFilter(ApplicationFilterChain.java:150)
	at org.springframework.web.filter.CompositeFilter$VirtualFilterChain.doFilter(CompositeFilter.java:108)
	at org.springframework.security.web.FilterChainProxy.lambda$doFilterInternal$3(FilterChainProxy.java:231)
	at org.springframework.security.web.FilterChainProxy$VirtualFilterChain.doFilter(FilterChainProxy.java:365)
	at org.springframework.security.web.access.intercept.AuthorizationFilter.doFilter(AuthorizationFilter.java:100)
	at org.springframework.security.web.FilterChainProxy$VirtualFilterChain.doFilter(FilterChainProxy.java:374)
	at org.springframework.security.web.access.ExceptionTranslationFilter.doFilter(ExceptionTranslationFilter.java:126)
	at org.springframework.security.web.access.ExceptionTranslationFilter.doFilter(ExceptionTranslationFilter.java:120)
	at org.springframework.security.web.FilterChainProxy$VirtualFilterChain.doFilter(FilterChainProxy.java:374)
	at org.springframework.security.web.session.SessionManagementFilter.doFilter(SessionManagementFilter.java:131)
	at org.springframework.security.web.session.SessionManagementFilter.doFilter(SessionManagementFilter.java:85)
	at org.springframework.security.web.FilterChainProxy$VirtualFilterChain.doFilter(FilterChainProxy.java:374)
	at org.springframework.security.web.authentication.AnonymousAuthenticationFilter.doFilter(AnonymousAuthenticationFilter.java:100)
	at org.springframework.security.web.FilterChainProxy$VirtualFilterChain.doFilter(FilterChainProxy.java:374)
	at org.springframework.security.web.servletapi.SecurityContextHolderAwareRequestFilter.doFilter(SecurityContextHolderAwareRequestFilter.java:179)
	at org.springframework.security.web.FilterChainProxy$VirtualFilterChain.doFilter(FilterChainProxy.java:374)
	at org.springframework.security.web.savedrequest.RequestCacheAwareFilter.doFilter(RequestCacheAwareFilter.java:63)
	at org.springframework.security.web.FilterChainProxy$VirtualFilterChain.doFilter(FilterChainProxy.java:374)
	at org.springframework.security.web.session.ConcurrentSessionFilter.doFilter(ConcurrentSessionFilter.java:151)
	at org.springframework.security.web.session.ConcurrentSessionFilter.doFilter(ConcurrentSessionFilter.java:129)
	at org.springframework.security.web.FilterChainProxy$VirtualFilterChain.doFilter(FilterChainProxy.java:374)
	at org.springframework.security.web.authentication.AbstractAuthenticationProcessingFilter.doFilter(AbstractAuthenticationProcessingFilter.java:227)
	at org.springframework.security.web.authentication.AbstractAuthenticationProcessingFilter.doFilter(AbstractAuthenticationProcessingFilter.java:221)
	at org.springframework.security.web.FilterChainProxy$VirtualFilterChain.doFilter(FilterChainProxy.java:374)
	at org.springframework.security.web.authentication.logout.LogoutFilter.doFilter(LogoutFilter.java:107)
	at org.springframework.security.web.authentication.logout.LogoutFilter.doFilter(LogoutFilter.java:93)
	at org.springframework.security.web.FilterChainProxy$VirtualFilterChain.doFilter(FilterChainProxy.java:374)
	at org.springframework.security.web.csrf.CsrfFilter.doFilterInternal(CsrfFilter.java:131)
	at org.springframework.web.filter.OncePerRequestFilter.doFilter(OncePerRequestFilter.java:116)
	at org.springframework.security.web.FilterChainProxy$VirtualFilterChain.doFilter(FilterChainProxy.java:374)
	at org.springframework.web.filter.CorsFilter.doFilterInternal(CorsFilter.java:91)
	at org.springframework.web.filter.OncePerRequestFilter.doFilter(OncePerRequestFilter.java:116)
	at org.springframework.security.web.FilterChainProxy$VirtualFilterChain.doFilter(FilterChainProxy.java:374)
	at org.springframework.security.web.header.HeaderWriterFilter.doHeadersAfter(HeaderWriterFilter.java:90)
	at org.springframework.security.web.header.HeaderWriterFilter.doFilterInternal(HeaderWriterFilter.java:75)
	at org.springframework.web.filter.OncePerRequestFilter.doFilter(OncePerRequestFilter.java:116)
	at org.springframework.security.web.FilterChainProxy$VirtualFilterChain.doFilter(FilterChainProxy.java:374)
	at org.springframework.security.web.context.SecurityContextHolderFilter.doFilter(SecurityContextHolderFilter.java:82)
	at org.springframework.security.web.context.SecurityContextHolderFilter.doFilter(SecurityContextHolderFilter.java:69)
	at org.springframework.security.web.FilterChainProxy$VirtualFilterChain.doFilter(FilterChainProxy.java:374)
	at org.springframework.security.web.context.request.async.WebAsyncManagerIntegrationFilter.doFilterInternal(WebAsyncManagerIntegrationFilter.java:62)
	at org.springframework.web.filter.OncePerRequestFilter.doFilter(OncePerRequestFilter.java:116)
	at org.springframework.security.web.FilterChainProxy$VirtualFilterChain.doFilter(FilterChainProxy.java:374)
	at org.springframework.security.web.session.DisableEncodeUrlFilter.doFilterInternal(DisableEncodeUrlFilter.java:42)
	at org.springframework.web.filter.OncePerRequestFilter.doFilter(OncePerRequestFilter.java:116)
	at org.springframework.security.web.FilterChainProxy$VirtualFilterChain.doFilter(FilterChainProxy.java:374)
	at org.springframework.security.web.FilterChainProxy.doFilterInternal(FilterChainProxy.java:233)
	at org.springframework.security.web.FilterChainProxy.doFilter(FilterChainProxy.java:191)
	at org.springframework.web.filter.CompositeFilter$VirtualFilterChain.doFilter(CompositeFilter.java:113)
	at org.springframework.web.servlet.handler.HandlerMappingIntrospector.lambda$createCacheFilter$3(HandlerMappingIntrospector.java:195)
	at org.springframework.web.filter.CompositeFilter$VirtualFilterChain.doFilter(CompositeFilter.java:113)
	at org.springframework.web.filter.CompositeFilter.doFilter(CompositeFilter.java:74)
	at org.springframework.security.config.annotation.web.configuration.WebMvcSecurityConfiguration$CompositeFilterChainProxy.doFilter(WebMvcSecurityConfiguration.java:230)
	at org.springframework.web.filter.DelegatingFilterProxy.invokeDelegate(DelegatingFilterProxy.java:352)
	at org.springframework.web.filter.DelegatingFilterProxy.doFilter(DelegatingFilterProxy.java:268)
	at org.apache.catalina.core.ApplicationFilterChain.internalDoFilter(ApplicationFilterChain.java:175)
	at org.apache.catalina.core.ApplicationFilterChain.doFilter(ApplicationFilterChain.java:150)
	at org.springframework.web.filter.RequestContextFilter.doFilterInternal(RequestContextFilter.java:100)
	at org.springframework.web.filter.OncePerRequestFilter.doFilter(OncePerRequestFilter.java:116)
	at org.apache.catalina.core.ApplicationFilterChain.internalDoFilter(ApplicationFilterChain.java:175)
	at org.apache.catalina.core.ApplicationFilterChain.doFilter(ApplicationFilterChain.java:150)
	at org.springframework.web.filter.FormContentFilter.doFilterInternal(FormContentFilter.java:93)
	at org.springframework.web.filter.OncePerRequestFilter.doFilter(OncePerRequestFilter.java:116)
	at org.apache.catalina.core.ApplicationFilterChain.internalDoFilter(ApplicationFilterChain.java:175)
	at org.apache.catalina.core.ApplicationFilterChain.doFilter(ApplicationFilterChain.java:150)
	at org.springframework.web.filter.CharacterEncodingFilter.doFilterInternal(CharacterEncodingFilter.java:201)
	at org.springframework.web.filter.OncePerRequestFilter.doFilter(OncePerRequestFilter.java:116)
	at org.apache.catalina.core.ApplicationFilterChain.internalDoFilter(ApplicationFilterChain.java:175)
	at org.apache.catalina.core.ApplicationFilterChain.doFilter(ApplicationFilterChain.java:150)
	at org.apache.catalina.core.StandardWrapperValve.invoke(StandardWrapperValve.java:167)
	at org.apache.catalina.core.StandardContextValve.invoke(StandardContextValve.java:90)
	at org.apache.catalina.authenticator.AuthenticatorBase.invoke(AuthenticatorBase.java:482)
	at org.apache.catalina.core.StandardHostValve.invoke(StandardHostValve.java:115)
	at org.apache.catalina.valves.ErrorReportValve.invoke(ErrorReportValve.java:93)
	at org.apache.catalina.core.StandardEngineValve.invoke(StandardEngineValve.java:74)
	at org.apache.catalina.connector.CoyoteAdapter.service(CoyoteAdapter.java:344)
	at org.apache.coyote.http11.Http11Processor.service(Http11Processor.java:391)
	at org.apache.coyote.AbstractProcessorLight.process(AbstractProcessorLight.java:63)
	at org.apache.coyote.AbstractProtocol$ConnectionHandler.process(AbstractProtocol.java:896)
	at org.apache.tomcat.util.net.NioEndpoint$SocketProcessor.doRun(NioEndpoint.java:1736)
	at org.apache.tomcat.util.net.SocketProcessorBase.run(SocketProcessorBase.java:52)
	at org.apache.tomcat.util.threads.ThreadPoolExecutor.runWorker(ThreadPoolExecutor.java:1191)
	at org.apache.tomcat.util.threads.ThreadPoolExecutor$Worker.run(ThreadPoolExecutor.java:659)
	at org.apache.tomcat.util.threads.TaskThread$WrappingRunnable.run(TaskThread.java:63)
	at java.base/java.lang.Thread.run(Thread.java:842)
Caused by: org.hibernate.exception.ConstraintViolationException: could not execute statement [Duplicate entry '223630781' for key 'tai_khoan.ten_dang_nhap'] [insert into tai_khoan (email,enabled,loai_tk,mat_khau,ten_dang_nhap,trang_thai) values (?,?,?,?,?,?)]
	at org.hibernate.exception.internal.SQLExceptionTypeDelegate.convert(SQLExceptionTypeDelegate.java:62)
	at org.hibernate.exception.internal.StandardSQLExceptionConverter.convert(StandardSQLExceptionConverter.java:58)
	at org.hibernate.engine.jdbc.spi.SqlExceptionHelper.convert(SqlExceptionHelper.java:108)
	at org.hibernate.engine.jdbc.internal.ResultSetReturnImpl.executeUpdate(ResultSetReturnImpl.java:197)
	at org.hibernate.id.insert.GetGeneratedKeysDelegate.performInsert(GetGeneratedKeysDelegate.java:107)
	at org.hibernate.engine.jdbc.mutation.internal.MutationExecutorPostInsertSingleTable.execute(MutationExecutorPostInsertSingleTable.java:100)
	at org.hibernate.persister.entity.mutation.InsertCoordinator.doStaticInserts(InsertCoordinator.java:175)
	at org.hibernate.persister.entity.mutation.InsertCoordinator.coordinateInsert(InsertCoordinator.java:113)
	at org.hibernate.persister.entity.AbstractEntityPersister.insert(AbstractEntityPersister.java:2868)
	at org.hibernate.action.internal.EntityIdentityInsertAction.execute(EntityIdentityInsertAction.java:81)
	at org.hibernate.engine.spi.ActionQueue.execute(ActionQueue.java:670)
	at org.hibernate.engine.spi.ActionQueue.addResolvedEntityInsertAction(ActionQueue.java:291)
	at org.hibernate.engine.spi.ActionQueue.addInsertAction(ActionQueue.java:272)
	at org.hibernate.engine.spi.ActionQueue.addAction(ActionQueue.java:322)
	at org.hibernate.event.internal.AbstractSaveEventListener.addInsertAction(AbstractSaveEventListener.java:386)
	at org.hibernate.event.internal.AbstractSaveEventListener.performSaveOrReplicate(AbstractSaveEventListener.java:300)
	at org.hibernate.event.internal.AbstractSaveEventListener.performSave(AbstractSaveEventListener.java:219)
	at org.hibernate.event.internal.AbstractSaveEventListener.saveWithGeneratedId(AbstractSaveEventListener.java:134)
	at org.hibernate.event.internal.DefaultPersistEventListener.entityIsTransient(DefaultPersistEventListener.java:175)
	at org.hibernate.event.internal.DefaultPersistEventListener.persist(DefaultPersistEventListener.java:93)
	at org.hibernate.event.internal.DefaultPersistEventListener.onPersist(DefaultPersistEventListener.java:77)
	at org.hibernate.event.internal.DefaultPersistEventListener.onPersist(DefaultPersistEventListener.java:54)
	at org.hibernate.event.service.internal.EventListenerGroupImpl.fireEventOnEachListener(EventListenerGroupImpl.java:127)
	at org.hibernate.internal.SessionImpl.firePersist(SessionImpl.java:754)
	at org.hibernate.internal.SessionImpl.persist(SessionImpl.java:738)
	at java.base/jdk.internal.reflect.NativeMethodAccessorImpl.invoke0(Native Method)
	at java.base/jdk.internal.reflect.NativeMethodAccessorImpl.invoke(NativeMethodAccessorImpl.java:77)
	at java.base/jdk.internal.reflect.DelegatingMethodAccessorImpl.invoke(DelegatingMethodAccessorImpl.java:43)
	at java.base/java.lang.reflect.Method.invoke(Method.java:568)
	at org.springframework.orm.jpa.ExtendedEntityManagerCreator$ExtendedEntityManagerInvocationHandler.invoke(ExtendedEntityManagerCreator.java:364)
	at jdk.proxy2/jdk.proxy2.$Proxy121.persist(Unknown Source)
	at java.base/jdk.internal.reflect.NativeMethodAccessorImpl.invoke0(Native Method)
	at java.base/jdk.internal.reflect.NativeMethodAccessorImpl.invoke(NativeMethodAccessorImpl.java:77)
	at java.base/jdk.internal.reflect.DelegatingMethodAccessorImpl.invoke(DelegatingMethodAccessorImpl.java:43)
	at java.base/java.lang.reflect.Method.invoke(Method.java:568)
	at org.springframework.orm.jpa.SharedEntityManagerCreator$SharedEntityManagerInvocationHandler.invoke(SharedEntityManagerCreator.java:319)
	at jdk.proxy2/jdk.proxy2.$Proxy121.persist(Unknown Source)
	at org.springframework.data.jpa.repository.support.SimpleJpaRepository.save(SimpleJpaRepository.java:618)
	at java.base/jdk.internal.reflect.NativeMethodAccessorImpl.invoke0(Native Method)
	at java.base/jdk.internal.reflect.NativeMethodAccessorImpl.invoke(NativeMethodAccessorImpl.java:77)
	at java.base/jdk.internal.reflect.DelegatingMethodAccessorImpl.invoke(DelegatingMethodAccessorImpl.java:43)
	at java.base/java.lang.reflect.Method.invoke(Method.java:568)
	at org.springframework.aop.support.AopUtils.invokeJoinpointUsingReflection(AopUtils.java:354)
	at org.springframework.data.repository.core.support.RepositoryMethodInvoker$RepositoryFragmentMethodInvoker.lambda$new$0(RepositoryMethodInvoker.java:277)
	at org.springframework.data.repository.core.support.RepositoryMethodInvoker.doInvoke(RepositoryMethodInvoker.java:170)
	at org.springframework.data.repository.core.support.RepositoryMethodInvoker.invoke(RepositoryMethodInvoker.java:158)
	at org.springframework.data.repository.core.support.RepositoryComposition$RepositoryFragments.invoke(RepositoryComposition.java:516)
	at org.springframework.data.repository.core.support.RepositoryComposition.invoke(RepositoryComposition.java:285)
	at org.springframework.data.repository.core.support.RepositoryFactorySupport$ImplementationMethodExecutionInterceptor.invoke(RepositoryFactorySupport.java:628)
	at org.springframework.aop.framework.ReflectiveMethodInvocation.proceed(ReflectiveMethodInvocation.java:184)
	at org.springframework.data.repository.core.support.QueryExecutorMethodInterceptor.doInvoke(QueryExecutorMethodInterceptor.java:168)
	at org.springframework.data.repository.core.support.QueryExecutorMethodInterceptor.invoke(QueryExecutorMethodInterceptor.java:143)
	at org.springframework.aop.framework.ReflectiveMethodInvocation.proceed(ReflectiveMethodInvocation.java:184)
	at org.springframework.data.projection.DefaultMethodInvokingMethodInterceptor.invoke(DefaultMethodInvokingMethodInterceptor.java:70)
	at org.springframework.aop.framework.ReflectiveMethodInvocation.proceed(ReflectiveMethodInvocation.java:184)
	at org.springframework.transaction.interceptor.TransactionInterceptor$1.proceedWithInvocation(TransactionInterceptor.java:123)
	at org.springframework.transaction.interceptor.TransactionAspectSupport.invokeWithinTransaction(TransactionAspectSupport.java:392)
	at org.springframework.transaction.interceptor.TransactionInterceptor.invoke(TransactionInterceptor.java:119)
	at org.springframework.aop.framework.ReflectiveMethodInvocation.proceed(ReflectiveMethodInvocation.java:184)
	at org.springframework.dao.support.PersistenceExceptionTranslationInterceptor.invoke(PersistenceExceptionTranslationInterceptor.java:137)
	... 130 common frames omitted
Caused by: java.sql.SQLIntegrityConstraintViolationException: Duplicate entry '223630781' for key 'tai_khoan.ten_dang_nhap'
	at com.mysql.cj.jdbc.exceptions.SQLError.createSQLException(SQLError.java:118)
	at com.mysql.cj.jdbc.exceptions.SQLExceptionsMapping.translateException(SQLExceptionsMapping.java:122)
	at com.mysql.cj.jdbc.ClientPreparedStatement.executeInternal(ClientPreparedStatement.java:912)
	at com.mysql.cj.jdbc.ClientPreparedStatement.executeUpdateInternal(ClientPreparedStatement.java:1054)
	at com.mysql.cj.jdbc.ClientPreparedStatement.executeUpdateInternal(ClientPreparedStatement.java:1003)
	at com.mysql.cj.jdbc.ClientPreparedStatement.executeLargeUpdate(ClientPreparedStatement.java:1312)
	at com.mysql.cj.jdbc.ClientPreparedStatement.executeUpdate(ClientPreparedStatement.java:988)
	at com.zaxxer.hikari.pool.ProxyPreparedStatement.executeUpdate(ProxyPreparedStatement.java:61)
	at com.zaxxer.hikari.pool.HikariProxyPreparedStatement.executeUpdate(HikariProxyPreparedStatement.java)
	at org.hibernate.engine.jdbc.internal.ResultSetReturnImpl.executeUpdate(ResultSetReturnImpl.java:194)
	... 186 common frames omitted
2025-11-24 08:52:02,916 ERROR o.e.c.AuthController [http-nio-8080-exec-7] Lỗi khi đăng ký tài khoản: could not execute statement [Duplicate entry '223630781' for key 'tai_khoan.ten_dang_nhap'] [insert into tai_khoan (email,enabled,loai_tk,mat_khau,ten_dang_nhap,trang_thai) values (?,?,?,?,?,?)]; SQL [insert into tai_khoan (email,enabled,loai_tk,mat_khau,ten_dang_nhap,trang_thai) values (?,?,?,?,?,?)]; constraint [tai_khoan.ten_dang_nhap]
org.springframework.dao.DataIntegrityViolationException: could not execute statement [Duplicate entry '223630781' for key 'tai_khoan.ten_dang_nhap'] [insert into tai_khoan (email,enabled,loai_tk,mat_khau,ten_dang_nhap,trang_thai) values (?,?,?,?,?,?)]; SQL [insert into tai_khoan (email,enabled,loai_tk,mat_khau,ten_dang_nhap,trang_thai) values (?,?,?,?,?,?)]; constraint [tai_khoan.ten_dang_nhap]
	at org.springframework.orm.jpa.vendor.HibernateJpaDialect.convertHibernateAccessException(HibernateJpaDialect.java:290)
	at org.springframework.orm.jpa.vendor.HibernateJpaDialect.translateExceptionIfPossible(HibernateJpaDialect.java:241)
	at org.springframework.orm.jpa.AbstractEntityManagerFactoryBean.translateExceptionIfPossible(AbstractEntityManagerFactoryBean.java:550)
	at org.springframework.dao.support.ChainedPersistenceExceptionTranslator.translateExceptionIfPossible(ChainedPersistenceExceptionTranslator.java:61)
	at org.springframework.dao.support.DataAccessUtils.translateIfNecessary(DataAccessUtils.java:335)
	at org.springframework.dao.support.PersistenceExceptionTranslationInterceptor.invoke(PersistenceExceptionTranslationInterceptor.java:152)
	at org.springframework.aop.framework.ReflectiveMethodInvocation.proceed(ReflectiveMethodInvocation.java:184)
	at org.springframework.data.jpa.repository.support.CrudMethodMetadataPostProcessor$CrudMethodMetadataPopulatingMethodInterceptor.invoke(CrudMethodMetadataPostProcessor.java:164)
	at org.springframework.aop.framework.ReflectiveMethodInvocation.proceed(ReflectiveMethodInvocation.java:184)
	at org.springframework.aop.interceptor.ExposeInvocationInterceptor.invoke(ExposeInvocationInterceptor.java:97)
	at org.springframework.aop.framework.ReflectiveMethodInvocation.proceed(ReflectiveMethodInvocation.java:184)
	at org.springframework.aop.framework.JdkDynamicAopProxy.invoke(JdkDynamicAopProxy.java:223)
	at jdk.proxy2/jdk.proxy2.$Proxy139.save(Unknown Source)
	at org.example.service.AuthenticationService.register(AuthenticationService.java:104)
	at java.base/jdk.internal.reflect.NativeMethodAccessorImpl.invoke0(Native Method)
	at java.base/jdk.internal.reflect.NativeMethodAccessorImpl.invoke(NativeMethodAccessorImpl.java:77)
	at java.base/jdk.internal.reflect.DelegatingMethodAccessorImpl.invoke(DelegatingMethodAccessorImpl.java:43)
	at java.base/java.lang.reflect.Method.invoke(Method.java:568)
	at org.springframework.aop.support.AopUtils.invokeJoinpointUsingReflection(AopUtils.java:354)
	at org.springframework.aop.framework.ReflectiveMethodInvocation.invokeJoinpoint(ReflectiveMethodInvocation.java:196)
	at org.springframework.aop.framework.ReflectiveMethodInvocation.proceed(ReflectiveMethodInvocation.java:163)
	at org.springframework.aop.framework.CglibAopProxy$CglibMethodInvocation.proceed(CglibAopProxy.java:768)
	at org.springframework.transaction.interceptor.TransactionInterceptor$1.proceedWithInvocation(TransactionInterceptor.java:123)
	at org.springframework.transaction.interceptor.TransactionAspectSupport.invokeWithinTransaction(TransactionAspectSupport.java:392)
	at org.springframework.transaction.interceptor.TransactionInterceptor.invoke(TransactionInterceptor.java:119)
	at org.springframework.aop.framework.ReflectiveMethodInvocation.proceed(ReflectiveMethodInvocation.java:184)
	at org.springframework.aop.framework.CglibAopProxy$CglibMethodInvocation.proceed(CglibAopProxy.java:768)
	at org.springframework.aop.framework.CglibAopProxy$DynamicAdvisedInterceptor.intercept(CglibAopProxy.java:720)
	at org.example.service.AuthenticationService$$SpringCGLIB$$0.register(<generated>)
	at org.example.controller.AuthController.register(AuthController.java:71)
	at java.base/jdk.internal.reflect.NativeMethodAccessorImpl.invoke0(Native Method)
	at java.base/jdk.internal.reflect.NativeMethodAccessorImpl.invoke(NativeMethodAccessorImpl.java:77)
	at java.base/jdk.internal.reflect.DelegatingMethodAccessorImpl.invoke(DelegatingMethodAccessorImpl.java:43)
	at java.base/java.lang.reflect.Method.invoke(Method.java:568)
	at org.springframework.web.method.support.InvocableHandlerMethod.doInvoke(InvocableHandlerMethod.java:255)
	at org.springframework.web.method.support.InvocableHandlerMethod.invokeForRequest(InvocableHandlerMethod.java:188)
	at org.springframework.web.servlet.mvc.method.annotation.ServletInvocableHandlerMethod.invokeAndHandle(ServletInvocableHandlerMethod.java:118)
	at org.springframework.web.servlet.mvc.method.annotation.RequestMappingHandlerAdapter.invokeHandlerMethod(RequestMappingHandlerAdapter.java:926)
	at org.springframework.web.servlet.mvc.method.annotation.RequestMappingHandlerAdapter.handleInternal(RequestMappingHandlerAdapter.java:831)
	at org.springframework.web.servlet.mvc.method.AbstractHandlerMethodAdapter.handle(AbstractHandlerMethodAdapter.java:87)
	at org.springframework.web.servlet.DispatcherServlet.doDispatch(DispatcherServlet.java:1089)
	at org.springframework.web.servlet.DispatcherServlet.doService(DispatcherServlet.java:979)
	at org.springframework.web.servlet.FrameworkServlet.processRequest(FrameworkServlet.java:1014)
	at org.springframework.web.servlet.FrameworkServlet.doPost(FrameworkServlet.java:914)
	at jakarta.servlet.http.HttpServlet.service(HttpServlet.java:590)
	at org.springframework.web.servlet.FrameworkServlet.service(FrameworkServlet.java:885)
	at jakarta.servlet.http.HttpServlet.service(HttpServlet.java:658)
	at org.apache.catalina.core.ApplicationFilterChain.internalDoFilter(ApplicationFilterChain.java:206)
	at org.apache.catalina.core.ApplicationFilterChain.doFilter(ApplicationFilterChain.java:150)
	at org.apache.tomcat.websocket.server.WsFilter.doFilter(WsFilter.java:51)
	at org.apache.catalina.core.ApplicationFilterChain.internalDoFilter(ApplicationFilterChain.java:175)
	at org.apache.catalina.core.ApplicationFilterChain.doFilter(ApplicationFilterChain.java:150)
	at org.springframework.web.filter.CompositeFilter$VirtualFilterChain.doFilter(CompositeFilter.java:108)
	at org.springframework.security.web.FilterChainProxy.lambda$doFilterInternal$3(FilterChainProxy.java:231)
	at org.springframework.security.web.FilterChainProxy$VirtualFilterChain.doFilter(FilterChainProxy.java:365)
	at org.springframework.security.web.access.intercept.AuthorizationFilter.doFilter(AuthorizationFilter.java:100)
	at org.springframework.security.web.FilterChainProxy$VirtualFilterChain.doFilter(FilterChainProxy.java:374)
	at org.springframework.security.web.access.ExceptionTranslationFilter.doFilter(ExceptionTranslationFilter.java:126)
	at org.springframework.security.web.access.ExceptionTranslationFilter.doFilter(ExceptionTranslationFilter.java:120)
	at org.springframework.security.web.FilterChainProxy$VirtualFilterChain.doFilter(FilterChainProxy.java:374)
	at org.springframework.security.web.session.SessionManagementFilter.doFilter(SessionManagementFilter.java:131)
	at org.springframework.security.web.session.SessionManagementFilter.doFilter(SessionManagementFilter.java:85)
	at org.springframework.security.web.FilterChainProxy$VirtualFilterChain.doFilter(FilterChainProxy.java:374)
	at org.springframework.security.web.authentication.AnonymousAuthenticationFilter.doFilter(AnonymousAuthenticationFilter.java:100)
	at org.springframework.security.web.FilterChainProxy$VirtualFilterChain.doFilter(FilterChainProxy.java:374)
	at org.springframework.security.web.servletapi.SecurityContextHolderAwareRequestFilter.doFilter(SecurityContextHolderAwareRequestFilter.java:179)
	at org.springframework.security.web.FilterChainProxy$VirtualFilterChain.doFilter(FilterChainProxy.java:374)
	at org.springframework.security.web.savedrequest.RequestCacheAwareFilter.doFilter(RequestCacheAwareFilter.java:63)
	at org.springframework.security.web.FilterChainProxy$VirtualFilterChain.doFilter(FilterChainProxy.java:374)
	at org.springframework.security.web.session.ConcurrentSessionFilter.doFilter(ConcurrentSessionFilter.java:151)
	at org.springframework.security.web.session.ConcurrentSessionFilter.doFilter(ConcurrentSessionFilter.java:129)
	at org.springframework.security.web.FilterChainProxy$VirtualFilterChain.doFilter(FilterChainProxy.java:374)
	at org.springframework.security.web.authentication.AbstractAuthenticationProcessingFilter.doFilter(AbstractAuthenticationProcessingFilter.java:227)
	at org.springframework.security.web.authentication.AbstractAuthenticationProcessingFilter.doFilter(AbstractAuthenticationProcessingFilter.java:221)
	at org.springframework.security.web.FilterChainProxy$VirtualFilterChain.doFilter(FilterChainProxy.java:374)
	at org.springframework.security.web.authentication.logout.LogoutFilter.doFilter(LogoutFilter.java:107)
	at org.springframework.security.web.authentication.logout.LogoutFilter.doFilter(LogoutFilter.java:93)
	at org.springframework.security.web.FilterChainProxy$VirtualFilterChain.doFilter(FilterChainProxy.java:374)
	at org.springframework.security.web.csrf.CsrfFilter.doFilterInternal(CsrfFilter.java:131)
	at org.springframework.web.filter.OncePerRequestFilter.doFilter(OncePerRequestFilter.java:116)
	at org.springframework.security.web.FilterChainProxy$VirtualFilterChain.doFilter(FilterChainProxy.java:374)
	at org.springframework.web.filter.CorsFilter.doFilterInternal(CorsFilter.java:91)
	at org.springframework.web.filter.OncePerRequestFilter.doFilter(OncePerRequestFilter.java:116)
	at org.springframework.security.web.FilterChainProxy$VirtualFilterChain.doFilter(FilterChainProxy.java:374)
	at org.springframework.security.web.header.HeaderWriterFilter.doHeadersAfter(HeaderWriterFilter.java:90)
	at org.springframework.security.web.header.HeaderWriterFilter.doFilterInternal(HeaderWriterFilter.java:75)
	at org.springframework.web.filter.OncePerRequestFilter.doFilter(OncePerRequestFilter.java:116)
	at org.springframework.security.web.FilterChainProxy$VirtualFilterChain.doFilter(FilterChainProxy.java:374)
	at org.springframework.security.web.context.SecurityContextHolderFilter.doFilter(SecurityContextHolderFilter.java:82)
	at org.springframework.security.web.context.SecurityContextHolderFilter.doFilter(SecurityContextHolderFilter.java:69)
	at org.springframework.security.web.FilterChainProxy$VirtualFilterChain.doFilter(FilterChainProxy.java:374)
	at org.springframework.security.web.context.request.async.WebAsyncManagerIntegrationFilter.doFilterInternal(WebAsyncManagerIntegrationFilter.java:62)
	at org.springframework.web.filter.OncePerRequestFilter.doFilter(OncePerRequestFilter.java:116)
	at org.springframework.security.web.FilterChainProxy$VirtualFilterChain.doFilter(FilterChainProxy.java:374)
	at org.springframework.security.web.session.DisableEncodeUrlFilter.doFilterInternal(DisableEncodeUrlFilter.java:42)
	at org.springframework.web.filter.OncePerRequestFilter.doFilter(OncePerRequestFilter.java:116)
	at org.springframework.security.web.FilterChainProxy$VirtualFilterChain.doFilter(FilterChainProxy.java:374)
	at org.springframework.security.web.FilterChainProxy.doFilterInternal(FilterChainProxy.java:233)
	at org.springframework.security.web.FilterChainProxy.doFilter(FilterChainProxy.java:191)
	at org.springframework.web.filter.CompositeFilter$VirtualFilterChain.doFilter(CompositeFilter.java:113)
	at org.springframework.web.servlet.handler.HandlerMappingIntrospector.lambda$createCacheFilter$3(HandlerMappingIntrospector.java:195)
	at org.springframework.web.filter.CompositeFilter$VirtualFilterChain.doFilter(CompositeFilter.java:113)
	at org.springframework.web.filter.CompositeFilter.doFilter(CompositeFilter.java:74)
	at org.springframework.security.config.annotation.web.configuration.WebMvcSecurityConfiguration$CompositeFilterChainProxy.doFilter(WebMvcSecurityConfiguration.java:230)
	at org.springframework.web.filter.DelegatingFilterProxy.invokeDelegate(DelegatingFilterProxy.java:352)
	at org.springframework.web.filter.DelegatingFilterProxy.doFilter(DelegatingFilterProxy.java:268)
	at org.apache.catalina.core.ApplicationFilterChain.internalDoFilter(ApplicationFilterChain.java:175)
	at org.apache.catalina.core.ApplicationFilterChain.doFilter(ApplicationFilterChain.java:150)
	at org.springframework.web.filter.RequestContextFilter.doFilterInternal(RequestContextFilter.java:100)
	at org.springframework.web.filter.OncePerRequestFilter.doFilter(OncePerRequestFilter.java:116)
	at org.apache.catalina.core.ApplicationFilterChain.internalDoFilter(ApplicationFilterChain.java:175)
	at org.apache.catalina.core.ApplicationFilterChain.doFilter(ApplicationFilterChain.java:150)
	at org.springframework.web.filter.FormContentFilter.doFilterInternal(FormContentFilter.java:93)
	at org.springframework.web.filter.OncePerRequestFilter.doFilter(OncePerRequestFilter.java:116)
	at org.apache.catalina.core.ApplicationFilterChain.internalDoFilter(ApplicationFilterChain.java:175)
	at org.apache.catalina.core.ApplicationFilterChain.doFilter(ApplicationFilterChain.java:150)
	at org.springframework.web.filter.CharacterEncodingFilter.doFilterInternal(CharacterEncodingFilter.java:201)
	at org.springframework.web.filter.OncePerRequestFilter.doFilter(OncePerRequestFilter.java:116)
	at org.apache.catalina.core.ApplicationFilterChain.internalDoFilter(ApplicationFilterChain.java:175)
	at org.apache.catalina.core.ApplicationFilterChain.doFilter(ApplicationFilterChain.java:150)
	at org.apache.catalina.core.StandardWrapperValve.invoke(StandardWrapperValve.java:167)
	at org.apache.catalina.core.StandardContextValve.invoke(StandardContextValve.java:90)
	at org.apache.catalina.authenticator.AuthenticatorBase.invoke(AuthenticatorBase.java:482)
	at org.apache.catalina.core.StandardHostValve.invoke(StandardHostValve.java:115)
	at org.apache.catalina.valves.ErrorReportValve.invoke(ErrorReportValve.java:93)
	at org.apache.catalina.core.StandardEngineValve.invoke(StandardEngineValve.java:74)
	at org.apache.catalina.connector.CoyoteAdapter.service(CoyoteAdapter.java:344)
	at org.apache.coyote.http11.Http11Processor.service(Http11Processor.java:391)
	at org.apache.coyote.AbstractProcessorLight.process(AbstractProcessorLight.java:63)
	at org.apache.coyote.AbstractProtocol$ConnectionHandler.process(AbstractProtocol.java:896)
	at org.apache.tomcat.util.net.NioEndpoint$SocketProcessor.doRun(NioEndpoint.java:1736)
	at org.apache.tomcat.util.net.SocketProcessorBase.run(SocketProcessorBase.java:52)
	at org.apache.tomcat.util.threads.ThreadPoolExecutor.runWorker(ThreadPoolExecutor.java:1191)
	at org.apache.tomcat.util.threads.ThreadPoolExecutor$Worker.run(ThreadPoolExecutor.java:659)
	at org.apache.tomcat.util.threads.TaskThread$WrappingRunnable.run(TaskThread.java:63)
	at java.base/java.lang.Thread.run(Thread.java:842)
Caused by: org.hibernate.exception.ConstraintViolationException: could not execute statement [Duplicate entry '223630781' for key 'tai_khoan.ten_dang_nhap'] [insert into tai_khoan (email,enabled,loai_tk,mat_khau,ten_dang_nhap,trang_thai) values (?,?,?,?,?,?)]
	at org.hibernate.exception.internal.SQLExceptionTypeDelegate.convert(SQLExceptionTypeDelegate.java:62)
	at org.hibernate.exception.internal.StandardSQLExceptionConverter.convert(StandardSQLExceptionConverter.java:58)
	at org.hibernate.engine.jdbc.spi.SqlExceptionHelper.convert(SqlExceptionHelper.java:108)
	at org.hibernate.engine.jdbc.internal.ResultSetReturnImpl.executeUpdate(ResultSetReturnImpl.java:197)
	at org.hibernate.id.insert.GetGeneratedKeysDelegate.performInsert(GetGeneratedKeysDelegate.java:107)
	at org.hibernate.engine.jdbc.mutation.internal.MutationExecutorPostInsertSingleTable.execute(MutationExecutorPostInsertSingleTable.java:100)
	at org.hibernate.persister.entity.mutation.InsertCoordinator.doStaticInserts(InsertCoordinator.java:175)
	at org.hibernate.persister.entity.mutation.InsertCoordinator.coordinateInsert(InsertCoordinator.java:113)
	at org.hibernate.persister.entity.AbstractEntityPersister.insert(AbstractEntityPersister.java:2868)
	at org.hibernate.action.internal.EntityIdentityInsertAction.execute(EntityIdentityInsertAction.java:81)
	at org.hibernate.engine.spi.ActionQueue.execute(ActionQueue.java:670)
	at org.hibernate.engine.spi.ActionQueue.addResolvedEntityInsertAction(ActionQueue.java:291)
	at org.hibernate.engine.spi.ActionQueue.addInsertAction(ActionQueue.java:272)
	at org.hibernate.engine.spi.ActionQueue.addAction(ActionQueue.java:322)
	at org.hibernate.event.internal.AbstractSaveEventListener.addInsertAction(AbstractSaveEventListener.java:386)
	at org.hibernate.event.internal.AbstractSaveEventListener.performSaveOrReplicate(AbstractSaveEventListener.java:300)
	at org.hibernate.event.internal.AbstractSaveEventListener.performSave(AbstractSaveEventListener.java:219)
	at org.hibernate.event.internal.AbstractSaveEventListener.saveWithGeneratedId(AbstractSaveEventListener.java:134)
	at org.hibernate.event.internal.DefaultPersistEventListener.entityIsTransient(DefaultPersistEventListener.java:175)
	at org.hibernate.event.internal.DefaultPersistEventListener.persist(DefaultPersistEventListener.java:93)
	at org.hibernate.event.internal.DefaultPersistEventListener.onPersist(DefaultPersistEventListener.java:77)
	at org.hibernate.event.internal.DefaultPersistEventListener.onPersist(DefaultPersistEventListener.java:54)
	at org.hibernate.event.service.internal.EventListenerGroupImpl.fireEventOnEachListener(EventListenerGroupImpl.java:127)
	at org.hibernate.internal.SessionImpl.firePersist(SessionImpl.java:754)
	at org.hibernate.internal.SessionImpl.persist(SessionImpl.java:738)
	at java.base/jdk.internal.reflect.NativeMethodAccessorImpl.invoke0(Native Method)
	at java.base/jdk.internal.reflect.NativeMethodAccessorImpl.invoke(NativeMethodAccessorImpl.java:77)
	at java.base/jdk.internal.reflect.DelegatingMethodAccessorImpl.invoke(DelegatingMethodAccessorImpl.java:43)
	at java.base/java.lang.reflect.Method.invoke(Method.java:568)
	at org.springframework.orm.jpa.ExtendedEntityManagerCreator$ExtendedEntityManagerInvocationHandler.invoke(ExtendedEntityManagerCreator.java:364)
	at jdk.proxy2/jdk.proxy2.$Proxy121.persist(Unknown Source)
	at java.base/jdk.internal.reflect.NativeMethodAccessorImpl.invoke0(Native Method)
	at java.base/jdk.internal.reflect.NativeMethodAccessorImpl.invoke(NativeMethodAccessorImpl.java:77)
	at java.base/jdk.internal.reflect.DelegatingMethodAccessorImpl.invoke(DelegatingMethodAccessorImpl.java:43)
	at java.base/java.lang.reflect.Method.invoke(Method.java:568)
	at org.springframework.orm.jpa.SharedEntityManagerCreator$SharedEntityManagerInvocationHandler.invoke(SharedEntityManagerCreator.java:319)
	at jdk.proxy2/jdk.proxy2.$Proxy121.persist(Unknown Source)
	at org.springframework.data.jpa.repository.support.SimpleJpaRepository.save(SimpleJpaRepository.java:618)
	at java.base/jdk.internal.reflect.NativeMethodAccessorImpl.invoke0(Native Method)
	at java.base/jdk.internal.reflect.NativeMethodAccessorImpl.invoke(NativeMethodAccessorImpl.java:77)
	at java.base/jdk.internal.reflect.DelegatingMethodAccessorImpl.invoke(DelegatingMethodAccessorImpl.java:43)
	at java.base/java.lang.reflect.Method.invoke(Method.java:568)
	at org.springframework.aop.support.AopUtils.invokeJoinpointUsingReflection(AopUtils.java:354)
	at org.springframework.data.repository.core.support.RepositoryMethodInvoker$RepositoryFragmentMethodInvoker.lambda$new$0(RepositoryMethodInvoker.java:277)
	at org.springframework.data.repository.core.support.RepositoryMethodInvoker.doInvoke(RepositoryMethodInvoker.java:170)
	at org.springframework.data.repository.core.support.RepositoryMethodInvoker.invoke(RepositoryMethodInvoker.java:158)
	at org.springframework.data.repository.core.support.RepositoryComposition$RepositoryFragments.invoke(RepositoryComposition.java:516)
	at org.springframework.data.repository.core.support.RepositoryComposition.invoke(RepositoryComposition.java:285)
	at org.springframework.data.repository.core.support.RepositoryFactorySupport$ImplementationMethodExecutionInterceptor.invoke(RepositoryFactorySupport.java:628)
	at org.springframework.aop.framework.ReflectiveMethodInvocation.proceed(ReflectiveMethodInvocation.java:184)
	at org.springframework.data.repository.core.support.QueryExecutorMethodInterceptor.doInvoke(QueryExecutorMethodInterceptor.java:168)
	at org.springframework.data.repository.core.support.QueryExecutorMethodInterceptor.invoke(QueryExecutorMethodInterceptor.java:143)
	at org.springframework.aop.framework.ReflectiveMethodInvocation.proceed(ReflectiveMethodInvocation.java:184)
	at org.springframework.data.projection.DefaultMethodInvokingMethodInterceptor.invoke(DefaultMethodInvokingMethodInterceptor.java:70)
	at org.springframework.aop.framework.ReflectiveMethodInvocation.proceed(ReflectiveMethodInvocation.java:184)
	at org.springframework.transaction.interceptor.TransactionInterceptor$1.proceedWithInvocation(TransactionInterceptor.java:123)
	at org.springframework.transaction.interceptor.TransactionAspectSupport.invokeWithinTransaction(TransactionAspectSupport.java:392)
	at org.springframework.transaction.interceptor.TransactionInterceptor.invoke(TransactionInterceptor.java:119)
	at org.springframework.aop.framework.ReflectiveMethodInvocation.proceed(ReflectiveMethodInvocation.java:184)
	at org.springframework.dao.support.PersistenceExceptionTranslationInterceptor.invoke(PersistenceExceptionTranslationInterceptor.java:137)
	... 130 common frames omitted
Caused by: java.sql.SQLIntegrityConstraintViolationException: Duplicate entry '223630781' for key 'tai_khoan.ten_dang_nhap'
	at com.mysql.cj.jdbc.exceptions.SQLError.createSQLException(SQLError.java:118)
	at com.mysql.cj.jdbc.exceptions.SQLExceptionsMapping.translateException(SQLExceptionsMapping.java:122)
	at com.mysql.cj.jdbc.ClientPreparedStatement.executeInternal(ClientPreparedStatement.java:912)
	at com.mysql.cj.jdbc.ClientPreparedStatement.executeUpdateInternal(ClientPreparedStatement.java:1054)
	at com.mysql.cj.jdbc.ClientPreparedStatement.executeUpdateInternal(ClientPreparedStatement.java:1003)
	at com.mysql.cj.jdbc.ClientPreparedStatement.executeLargeUpdate(ClientPreparedStatement.java:1312)
	at com.mysql.cj.jdbc.ClientPreparedStatement.executeUpdate(ClientPreparedStatement.java:988)
	at com.zaxxer.hikari.pool.ProxyPreparedStatement.executeUpdate(ProxyPreparedStatement.java:61)
	at com.zaxxer.hikari.pool.HikariProxyPreparedStatement.executeUpdate(HikariProxyPreparedStatement.java)
	at org.hibernate.engine.jdbc.internal.ResultSetReturnImpl.executeUpdate(ResultSetReturnImpl.java:194)
	... 186 common frames omitted
2025-11-24 08:52:57,903 INFO o.e.s.AuthenticationService [http-nio-8080-exec-6] Bắt đầu đăng ký tài khoản cho username: 223630801
2025-11-24 08:53:32,384 INFO o.e.s.AuthenticationService [http-nio-8080-exec-4] Bắt đầu đăng ký tài khoản cho username: 223630801
2025-11-24 08:53:32,456 INFO o.e.s.AuthenticationService [http-nio-8080-exec-4] Đã lưu tài khoản thành công. Mã TK: 3587
2025-11-24 08:53:32,458 INFO o.e.s.AuthenticationService [http-nio-8080-exec-4] Đã tạo thông tin sinh viên với maSV: 223630801
2025-11-24 08:53:32,458 INFO o.e.s.AuthenticationService [http-nio-8080-exec-4] Tạo mã OTP mới (activation) : 443011 cho user: 223630801
2025-11-24 08:53:36,732 INFO o.e.s.AuthenticationService [http-nio-8080-exec-4] Đã gửi OTP (activation) đến email: quykhmtutc@gmail.com
2025-11-24 08:53:46,561 INFO o.e.s.AuthenticationService [http-nio-8080-exec-10] Tài khoản 223630801 đã được kích hoạt thành công.
2025-11-24 08:54:00,344 INFO o.e.s.CustomUserDetailsService [http-nio-8080-exec-4] Đang tìm tài khoản với tên đăng nhập: 223630801
2025-11-24 08:54:00,350 INFO o.e.s.CustomUserDetailsService [http-nio-8080-exec-4] Đã tìm thấy tài khoản. Mã TK: 3587, Tên đăng nhập: 223630801, Loại TK: SV, Trạng thái: 1, Enabled: true
2025-11-24 08:54:00,350 INFO o.e.s.CustomUserDetailsService [http-nio-8080-exec-4] Loại tài khoản: SV, Authorities: [ROLE_SINH_VIEN]
2025-11-24 08:54:00,416 INFO o.e.c.UserController [http-nio-8080-exec-5] UserController.checkInfo - User: 223630801, Authorities: [ROLE_SINH_VIEN]
2025-11-24 08:54:00,424 INFO o.e.c.UserController [http-nio-8080-exec-5] Sinh viên đã có thông tin: false
2025-11-24 08:56:54,575 INFO o.e.s.AuthenticationService [http-nio-8080-exec-3] Bắt đầu đăng ký tài khoản cho username: 223630802
2025-11-24 08:56:54,646 INFO o.e.s.AuthenticationService [http-nio-8080-exec-3] Đã lưu tài khoản thành công. Mã TK: 3588
2025-11-24 08:56:54,648 INFO o.e.s.AuthenticationService [http-nio-8080-exec-3] Đã tạo thông tin sinh viên với maSV: 223630802
2025-11-24 08:56:54,649 INFO o.e.s.AuthenticationService [http-nio-8080-exec-3] Tạo mã OTP mới (activation) : 594399 cho user: 223630802
2025-11-24 08:56:59,014 INFO o.e.s.AuthenticationService [http-nio-8080-exec-3] Đã gửi OTP (activation) đến email: tvqqiyi3@gmail.com
2025-11-24 08:57:11,631 INFO o.e.s.AuthenticationService [http-nio-8080-exec-9] Tài khoản 223630802 đã được kích hoạt thành công.
2025-11-24 08:57:18,335 INFO o.e.s.CustomUserDetailsService [http-nio-8080-exec-3] Đang tìm tài khoản với tên đăng nhập: 223630801
2025-11-24 08:57:18,339 INFO o.e.s.CustomUserDetailsService [http-nio-8080-exec-3] Đã tìm thấy tài khoản. Mã TK: 3587, Tên đăng nhập: 223630801, Loại TK: SV, Trạng thái: 1, Enabled: true
2025-11-24 08:57:18,339 INFO o.e.s.CustomUserDetailsService [http-nio-8080-exec-3] Loại tài khoản: SV, Authorities: [ROLE_SINH_VIEN]
2025-11-24 08:57:18,411 INFO o.e.c.UserController [http-nio-8080-exec-4] UserController.checkInfo - User: 223630801, Authorities: [ROLE_SINH_VIEN]
2025-11-24 08:57:18,419 INFO o.e.c.UserController [http-nio-8080-exec-4] Sinh viên đã có thông tin: true
2025-11-24 08:57:25,337 INFO o.e.s.CustomUserDetailsService [http-nio-8080-exec-3] Đang tìm tài khoản với tên đăng nhập: 223630802
2025-11-24 08:57:25,341 INFO o.e.s.CustomUserDetailsService [http-nio-8080-exec-3] Đã tìm thấy tài khoản. Mã TK: 3588, Tên đăng nhập: 223630802, Loại TK: SV, Trạng thái: 1, Enabled: true
2025-11-24 08:57:25,341 INFO o.e.s.CustomUserDetailsService [http-nio-8080-exec-3] Loại tài khoản: SV, Authorities: [ROLE_SINH_VIEN]
2025-11-24 08:57:25,407 INFO o.e.c.UserController [http-nio-8080-exec-4] UserController.checkInfo - User: 223630802, Authorities: [ROLE_SINH_VIEN]
2025-11-24 08:57:25,413 INFO o.e.c.UserController [http-nio-8080-exec-4] Sinh viên đã có thông tin: false
2025-11-24 08:58:32,549 INFO o.e.s.CustomUserDetailsService [http-nio-8080-exec-8] Đang tìm tài khoản với tên đăng nhập: admin
2025-11-24 08:58:32,553 INFO o.e.s.CustomUserDetailsService [http-nio-8080-exec-8] Đã tìm thấy tài khoản. Mã TK: 3579, Tên đăng nhập: admin, Loại TK: NV, Trạng thái: 1, Enabled: true
2025-11-24 08:58:32,554 INFO o.e.s.CustomUserDetailsService [http-nio-8080-exec-8] Loại tài khoản: NV, Authorities: [ROLE_ADMIN, ROLE_NHAN_VIEN]
2025-11-24 09:01:17,390 INFO o.s.o.j.AbstractEntityManagerFactoryBean [SpringApplicationShutdownHook] Closing JPA EntityManagerFactory for persistence unit 'default'
2025-11-24 09:01:17,392 INFO c.z.h.HikariDataSource [SpringApplicationShutdownHook] HikariPool-1 - Shutdown initiated...
2025-11-24 09:01:17,395 INFO c.z.h.HikariDataSource [SpringApplicationShutdownHook] HikariPool-1 - Shutdown completed.
2025-11-24 09:01:19,623 INFO o.h.v.i.u.Version [background-preinit] HV000001: Hibernate Validator 8.0.1.Final
2025-11-24 09:01:19,665 INFO o.s.b.StartupInfoLogger [main] Starting Application using Java 17.0.12 with PID 202096 (/home/guyguy/IdeaProjects/code4/dactaphanmem/target/classes started by guyguy in /home/guyguy/IdeaProjects/code4/dactaphanmem)
2025-11-24 09:01:19,665 DEBUG o.s.b.StartupInfoLogger [main] Running with Spring Boot v3.2.5, Spring v6.1.6
2025-11-24 09:01:19,666 INFO o.s.b.SpringApplication [main] No active profile set, falling back to 1 default profile: "default"
2025-11-24 09:01:20,262 INFO o.s.d.r.c.RepositoryConfigurationDelegate [main] Bootstrapping Spring Data JPA repositories in DEFAULT mode.
2025-11-24 09:01:20,336 INFO o.s.d.r.c.RepositoryConfigurationDelegate [main] Finished Spring Data repository scanning in 67 ms. Found 13 JPA repository interfaces.
2025-11-24 09:01:20,802 INFO o.s.b.w.e.t.TomcatWebServer [main] Tomcat initialized with port 8080 (http)
2025-11-24 09:01:20,809 INFO o.a.j.l.DirectJDKLog [main] Initializing ProtocolHandler ["http-nio-8080"]
2025-11-24 09:01:20,811 INFO o.a.j.l.DirectJDKLog [main] Starting service [Tomcat]
2025-11-24 09:01:20,811 INFO o.a.j.l.DirectJDKLog [main] Starting Servlet engine: [Apache Tomcat/10.1.20]
2025-11-24 09:01:20,846 INFO o.a.j.l.DirectJDKLog [main] Initializing Spring embedded WebApplicationContext
2025-11-24 09:01:20,847 INFO o.s.b.w.s.c.ServletWebServerApplicationContext [main] Root WebApplicationContext: initialization completed in 1146 ms
2025-11-24 09:01:20,964 INFO o.h.j.i.u.LogHelper [main] HHH000204: Processing PersistenceUnitInfo [name: default]
2025-11-24 09:01:20,998 INFO o.h.Version [main] HHH000412: Hibernate ORM core version 6.4.4.Final
2025-11-24 09:01:21,029 INFO o.h.c.i.RegionFactoryInitiator [main] HHH000026: Second-level cache disabled
2025-11-24 09:01:21,219 INFO o.s.o.j.p.SpringPersistenceUnitInfo [main] No LoadTimeWeaver setup: ignoring JPA class transformer
2025-11-24 09:01:21,243 INFO c.z.h.HikariDataSource [main] HikariPool-1 - Starting...
2025-11-24 09:01:21,344 INFO c.z.h.p.HikariPool [main] HikariPool-1 - Added connection com.mysql.cj.jdbc.ConnectionImpl@708769b7
2025-11-24 09:01:21,345 INFO c.z.h.HikariDataSource [main] HikariPool-1 - Start completed.
2025-11-24 09:01:21,376 WARN o.h.e.j.d.i.DialectFactoryImpl [main] HHH90000025: MySQLDialect does not need to be specified explicitly using 'hibernate.dialect' (remove the property setting and it will be selected by default)
2025-11-24 09:01:22,021 INFO o.h.e.t.j.p.i.JtaPlatformInitiator [main] HHH000489: No JTA platform available (set 'hibernate.transaction.jta.platform' to enable JTA platform integration)
2025-11-24 09:01:22,023 INFO o.s.o.j.AbstractEntityManagerFactoryBean [main] Initialized JPA EntityManagerFactory for persistence unit 'default'
2025-11-24 09:01:22,233 INFO o.s.d.j.r.q.QueryEnhancerFactory [main] Hibernate is in classpath; If applicable, HQL parser will be used.
2025-11-24 09:01:22,710 WARN o.s.b.a.o.j.JpaBaseConfiguration$JpaWebConfiguration [main] spring.jpa.open-in-view is enabled by default. Therefore, database queries may be performed during view rendering. Explicitly configure spring.jpa.open-in-view to disable this warning
2025-11-24 09:01:22,950 INFO o.s.s.w.DefaultSecurityFilterChain [main] Will secure any request with [org.springframework.security.web.session.DisableEncodeUrlFilter@1b32aaca, org.springframework.security.web.context.request.async.WebAsyncManagerIntegrationFilter@7b5afde5, org.springframework.security.web.context.SecurityContextHolderFilter@3110bb19, org.springframework.security.web.header.HeaderWriterFilter@7e32442d, org.springframework.web.filter.CorsFilter@5a14a8c1, org.springframework.security.web.csrf.CsrfFilter@8be84bf, org.springframework.security.web.authentication.logout.LogoutFilter@2c64e2d0, org.springframework.security.web.authentication.UsernamePasswordAuthenticationFilter@2640f5ea, org.springframework.security.web.session.ConcurrentSessionFilter@14d5b2ac, org.springframework.security.web.savedrequest.RequestCacheAwareFilter@18482805, org.springframework.security.web.servletapi.SecurityContextHolderAwareRequestFilter@84180e2, org.springframework.security.web.authentication.AnonymousAuthenticationFilter@879f852, org.springframework.security.web.session.SessionManagementFilter@3606c525, org.springframework.security.web.access.ExceptionTranslationFilter@727eae52, org.springframework.security.web.access.intercept.AuthorizationFilter@32c7495]
2025-11-24 09:01:23,124 INFO o.a.j.l.DirectJDKLog [main] Starting ProtocolHandler ["http-nio-8080"]
2025-11-24 09:01:23,137 INFO o.s.b.w.e.t.TomcatWebServer [main] Tomcat started on port 8080 (http) with context path ''
2025-11-24 09:01:23,148 INFO o.s.b.StartupInfoLogger [main] Started Application in 3.905 seconds (process running for 4.132)
2025-11-24 09:01:24,147 INFO o.a.j.l.DirectJDKLog [http-nio-8080-exec-1] Initializing Spring DispatcherServlet 'dispatcherServlet'
2025-11-24 09:01:24,147 INFO o.s.w.s.FrameworkServlet [http-nio-8080-exec-1] Initializing Servlet 'dispatcherServlet'
2025-11-24 09:01:24,148 INFO o.s.w.s.FrameworkServlet [http-nio-8080-exec-1] Completed initialization in 1 ms
2025-11-24 09:01:25,920 INFO o.e.s.CustomUserDetailsService [http-nio-8080-exec-6] Đang tìm tài khoản với tên đăng nhập: admin
2025-11-24 09:01:26,017 INFO o.e.s.CustomUserDetailsService [http-nio-8080-exec-6] Đã tìm thấy tài khoản. Mã TK: 3579, Tên đăng nhập: admin, Loại TK: NV, Trạng thái: 1, Enabled: true
2025-11-24 09:01:26,017 INFO o.e.s.CustomUserDetailsService [http-nio-8080-exec-6] Loại tài khoản: NV, Authorities: [ROLE_ADMIN, ROLE_NHAN_VIEN]
2025-11-24 09:02:54,824 INFO o.e.s.CustomUserDetailsService [http-nio-8080-exec-8] Đang tìm tài khoản với tên đăng nhập: 223630778
2025-11-24 09:02:54,832 INFO o.e.s.CustomUserDetailsService [http-nio-8080-exec-8] Đã tìm thấy tài khoản. Mã TK: 3581, Tên đăng nhập: 223630778, Loại TK: SV, Trạng thái: 1, Enabled: true
2025-11-24 09:02:54,832 INFO o.e.s.CustomUserDetailsService [http-nio-8080-exec-8] Loại tài khoản: SV, Authorities: [ROLE_SINH_VIEN]
2025-11-24 09:02:54,902 INFO o.e.c.UserController [http-nio-8080-exec-7] UserController.checkInfo - User: 223630778, Authorities: [ROLE_SINH_VIEN]
2025-11-24 09:02:54,915 INFO o.e.c.UserController [http-nio-8080-exec-7] Sinh viên đã có thông tin: true
2025-11-24 09:03:20,836 INFO o.e.s.CustomUserDetailsService [http-nio-8080-exec-4] Đang tìm tài khoản với tên đăng nhập: admin
2025-11-24 09:03:20,842 INFO o.e.s.CustomUserDetailsService [http-nio-8080-exec-4] Đã tìm thấy tài khoản. Mã TK: 3579, Tên đăng nhập: admin, Loại TK: NV, Trạng thái: 1, Enabled: true
2025-11-24 09:03:20,843 INFO o.e.s.CustomUserDetailsService [http-nio-8080-exec-4] Loại tài khoản: NV, Authorities: [ROLE_ADMIN, ROLE_NHAN_VIEN]
2025-11-24 09:04:52,199 INFO o.s.o.j.AbstractEntityManagerFactoryBean [SpringApplicationShutdownHook] Closing JPA EntityManagerFactory for persistence unit 'default'
2025-11-24 09:04:52,201 INFO c.z.h.HikariDataSource [SpringApplicationShutdownHook] HikariPool-1 - Shutdown initiated...
2025-11-24 09:04:52,205 INFO c.z.h.HikariDataSource [SpringApplicationShutdownHook] HikariPool-1 - Shutdown completed.
2025-11-24 09:04:54,292 INFO o.h.v.i.u.Version [background-preinit] HV000001: Hibernate Validator 8.0.1.Final
2025-11-24 09:04:54,324 INFO o.s.b.StartupInfoLogger [main] Starting Application using Java 17.0.12 with PID 205635 (/home/guyguy/IdeaProjects/code4/dactaphanmem/target/classes started by guyguy in /home/guyguy/IdeaProjects/code4/dactaphanmem)
2025-11-24 09:04:54,324 DEBUG o.s.b.StartupInfoLogger [main] Running with Spring Boot v3.2.5, Spring v6.1.6
2025-11-24 09:04:54,325 INFO o.s.b.SpringApplication [main] No active profile set, falling back to 1 default profile: "default"
2025-11-24 09:04:54,854 INFO o.s.d.r.c.RepositoryConfigurationDelegate [main] Bootstrapping Spring Data JPA repositories in DEFAULT mode.
2025-11-24 09:04:54,920 INFO o.s.d.r.c.RepositoryConfigurationDelegate [main] Finished Spring Data repository scanning in 60 ms. Found 13 JPA repository interfaces.
2025-11-24 09:04:55,311 INFO o.s.b.w.e.t.TomcatWebServer [main] Tomcat initialized with port 8080 (http)
2025-11-24 09:04:55,319 INFO o.a.j.l.DirectJDKLog [main] Initializing ProtocolHandler ["http-nio-8080"]
2025-11-24 09:04:55,320 INFO o.a.j.l.DirectJDKLog [main] Starting service [Tomcat]
2025-11-24 09:04:55,321 INFO o.a.j.l.DirectJDKLog [main] Starting Servlet engine: [Apache Tomcat/10.1.20]
2025-11-24 09:04:55,357 INFO o.a.j.l.DirectJDKLog [main] Initializing Spring embedded WebApplicationContext
2025-11-24 09:04:55,358 INFO o.s.b.w.s.c.ServletWebServerApplicationContext [main] Root WebApplicationContext: initialization completed in 996 ms
2025-11-24 09:04:55,472 INFO o.h.j.i.u.LogHelper [main] HHH000204: Processing PersistenceUnitInfo [name: default]
2025-11-24 09:04:55,508 INFO o.h.Version [main] HHH000412: Hibernate ORM core version 6.4.4.Final
2025-11-24 09:04:55,539 INFO o.h.c.i.RegionFactoryInitiator [main] HHH000026: Second-level cache disabled
2025-11-24 09:04:55,692 INFO o.s.o.j.p.SpringPersistenceUnitInfo [main] No LoadTimeWeaver setup: ignoring JPA class transformer
2025-11-24 09:04:55,709 INFO c.z.h.HikariDataSource [main] HikariPool-1 - Starting...
2025-11-24 09:04:55,808 INFO c.z.h.p.HikariPool [main] HikariPool-1 - Added connection com.mysql.cj.jdbc.ConnectionImpl@74764622
2025-11-24 09:04:55,810 INFO c.z.h.HikariDataSource [main] HikariPool-1 - Start completed.
2025-11-24 09:04:55,846 WARN o.h.e.j.d.i.DialectFactoryImpl [main] HHH90000025: MySQLDialect does not need to be specified explicitly using 'hibernate.dialect' (remove the property setting and it will be selected by default)
2025-11-24 09:04:56,469 INFO o.h.e.t.j.p.i.JtaPlatformInitiator [main] HHH000489: No JTA platform available (set 'hibernate.transaction.jta.platform' to enable JTA platform integration)
2025-11-24 09:04:56,471 INFO o.s.o.j.AbstractEntityManagerFactoryBean [main] Initialized JPA EntityManagerFactory for persistence unit 'default'
2025-11-24 09:04:56,674 INFO o.s.d.j.r.q.QueryEnhancerFactory [main] Hibernate is in classpath; If applicable, HQL parser will be used.
2025-11-24 09:04:57,120 WARN o.s.b.a.o.j.JpaBaseConfiguration$JpaWebConfiguration [main] spring.jpa.open-in-view is enabled by default. Therefore, database queries may be performed during view rendering. Explicitly configure spring.jpa.open-in-view to disable this warning
2025-11-24 09:04:57,337 INFO o.s.s.w.DefaultSecurityFilterChain [main] Will secure any request with [org.springframework.security.web.session.DisableEncodeUrlFilter@20a3118, org.springframework.security.web.context.request.async.WebAsyncManagerIntegrationFilter@28068327, org.springframework.security.web.context.SecurityContextHolderFilter@5697f801, org.springframework.security.web.header.HeaderWriterFilter@6e0fd2dc, org.springframework.web.filter.CorsFilter@3d8c3d0a, org.springframework.security.web.csrf.CsrfFilter@727eae52, org.springframework.security.web.authentication.logout.LogoutFilter@1b32aaca, org.springframework.security.web.authentication.UsernamePasswordAuthenticationFilter@4efb7c99, org.springframework.security.web.session.ConcurrentSessionFilter@4844cbe4, org.springframework.security.web.savedrequest.RequestCacheAwareFilter@39b265c9, org.springframework.security.web.servletapi.SecurityContextHolderAwareRequestFilter@2c64e2d0, org.springframework.security.web.authentication.AnonymousAuthenticationFilter@751636da, org.springframework.security.web.session.SessionManagementFilter@1be6c991, org.springframework.security.web.access.ExceptionTranslationFilter@4f1cb802, org.springframework.security.web.access.intercept.AuthorizationFilter@85446a]
2025-11-24 09:04:57,511 INFO o.a.j.l.DirectJDKLog [main] Starting ProtocolHandler ["http-nio-8080"]
2025-11-24 09:04:57,521 INFO o.s.b.w.e.t.TomcatWebServer [main] Tomcat started on port 8080 (http) with context path ''
2025-11-24 09:04:57,530 INFO o.s.b.StartupInfoLogger [main] Started Application in 3.609 seconds (process running for 3.842)
2025-11-24 09:04:59,530 INFO o.a.j.l.DirectJDKLog [http-nio-8080-exec-1] Initializing Spring DispatcherServlet 'dispatcherServlet'
2025-11-24 09:04:59,530 INFO o.s.w.s.FrameworkServlet [http-nio-8080-exec-1] Initializing Servlet 'dispatcherServlet'
2025-11-24 09:04:59,531 INFO o.s.w.s.FrameworkServlet [http-nio-8080-exec-1] Completed initialization in 1 ms
2025-11-24 09:05:01,254 INFO o.e.s.CustomUserDetailsService [http-nio-8080-exec-6] Đang tìm tài khoản với tên đăng nhập: admin
2025-11-24 09:05:01,359 INFO o.e.s.CustomUserDetailsService [http-nio-8080-exec-6] Đã tìm thấy tài khoản. Mã TK: 3579, Tên đăng nhập: admin, Loại TK: NV, Trạng thái: 1, Enabled: true
2025-11-24 09:05:01,360 INFO o.e.s.CustomUserDetailsService [http-nio-8080-exec-6] Loại tài khoản: NV, Authorities: [ROLE_ADMIN, ROLE_NHAN_VIEN]
2025-11-24 09:09:12,894 INFO o.s.o.j.AbstractEntityManagerFactoryBean [SpringApplicationShutdownHook] Closing JPA EntityManagerFactory for persistence unit 'default'
2025-11-24 09:09:12,895 INFO c.z.h.HikariDataSource [SpringApplicationShutdownHook] HikariPool-1 - Shutdown initiated...
2025-11-24 09:09:12,899 INFO c.z.h.HikariDataSource [SpringApplicationShutdownHook] HikariPool-1 - Shutdown completed.
2025-11-24 09:09:16,311 INFO o.h.v.i.u.Version [background-preinit] HV000001: Hibernate Validator 8.0.1.Final
2025-11-24 09:09:16,344 INFO o.s.b.StartupInfoLogger [main] Starting Application using Java 17.0.12 with PID 210018 (/home/guyguy/IdeaProjects/code4/dactaphanmem/target/classes started by guyguy in /home/guyguy/IdeaProjects/code4/dactaphanmem)
2025-11-24 09:09:16,345 DEBUG o.s.b.StartupInfoLogger [main] Running with Spring Boot v3.2.5, Spring v6.1.6
2025-11-24 09:09:16,345 INFO o.s.b.SpringApplication [main] No active profile set, falling back to 1 default profile: "default"
2025-11-24 09:09:16,847 INFO o.s.d.r.c.RepositoryConfigurationDelegate [main] Bootstrapping Spring Data JPA repositories in DEFAULT mode.
2025-11-24 09:09:16,906 INFO o.s.d.r.c.RepositoryConfigurationDelegate [main] Finished Spring Data repository scanning in 54 ms. Found 13 JPA repository interfaces.
2025-11-24 09:09:17,319 INFO o.s.b.w.e.t.TomcatWebServer [main] Tomcat initialized with port 8080 (http)
2025-11-24 09:09:17,326 INFO o.a.j.l.DirectJDKLog [main] Initializing ProtocolHandler ["http-nio-8080"]
2025-11-24 09:09:17,327 INFO o.a.j.l.DirectJDKLog [main] Starting service [Tomcat]
2025-11-24 09:09:17,328 INFO o.a.j.l.DirectJDKLog [main] Starting Servlet engine: [Apache Tomcat/10.1.20]
2025-11-24 09:09:17,360 INFO o.a.j.l.DirectJDKLog [main] Initializing Spring embedded WebApplicationContext
2025-11-24 09:09:17,361 INFO o.s.b.w.s.c.ServletWebServerApplicationContext [main] Root WebApplicationContext: initialization completed in 973 ms
2025-11-24 09:09:17,472 INFO o.h.j.i.u.LogHelper [main] HHH000204: Processing PersistenceUnitInfo [name: default]
2025-11-24 09:09:17,508 INFO o.h.Version [main] HHH000412: Hibernate ORM core version 6.4.4.Final
2025-11-24 09:09:17,530 INFO o.h.c.i.RegionFactoryInitiator [main] HHH000026: Second-level cache disabled
2025-11-24 09:09:17,665 INFO o.s.o.j.p.SpringPersistenceUnitInfo [main] No LoadTimeWeaver setup: ignoring JPA class transformer
2025-11-24 09:09:17,681 INFO c.z.h.HikariDataSource [main] HikariPool-1 - Starting...
2025-11-24 09:09:17,778 INFO c.z.h.p.HikariPool [main] HikariPool-1 - Added connection com.mysql.cj.jdbc.ConnectionImpl@74764622
2025-11-24 09:09:17,779 INFO c.z.h.HikariDataSource [main] HikariPool-1 - Start completed.
2025-11-24 09:09:17,806 WARN o.h.e.j.d.i.DialectFactoryImpl [main] HHH90000025: MySQLDialect does not need to be specified explicitly using 'hibernate.dialect' (remove the property setting and it will be selected by default)
2025-11-24 09:09:18,471 INFO o.h.e.t.j.p.i.JtaPlatformInitiator [main] HHH000489: No JTA platform available (set 'hibernate.transaction.jta.platform' to enable JTA platform integration)
2025-11-24 09:09:18,473 INFO o.s.o.j.AbstractEntityManagerFactoryBean [main] Initialized JPA EntityManagerFactory for persistence unit 'default'
2025-11-24 09:09:18,668 INFO o.s.d.j.r.q.QueryEnhancerFactory [main] Hibernate is in classpath; If applicable, HQL parser will be used.
2025-11-24 09:09:19,079 WARN o.s.b.a.o.j.JpaBaseConfiguration$JpaWebConfiguration [main] spring.jpa.open-in-view is enabled by default. Therefore, database queries may be performed during view rendering. Explicitly configure spring.jpa.open-in-view to disable this warning
2025-11-24 09:09:19,283 INFO o.s.s.w.DefaultSecurityFilterChain [main] Will secure any request with [org.springframework.security.web.session.DisableEncodeUrlFilter@20a3118, org.springframework.security.web.context.request.async.WebAsyncManagerIntegrationFilter@28068327, org.springframework.security.web.context.SecurityContextHolderFilter@5697f801, org.springframework.security.web.header.HeaderWriterFilter@6e0fd2dc, org.springframework.web.filter.CorsFilter@3d8c3d0a, org.springframework.security.web.csrf.CsrfFilter@727eae52, org.springframework.security.web.authentication.logout.LogoutFilter@1b32aaca, org.springframework.security.web.authentication.UsernamePasswordAuthenticationFilter@4efb7c99, org.springframework.security.web.session.ConcurrentSessionFilter@4844cbe4, org.springframework.security.web.savedrequest.RequestCacheAwareFilter@39b265c9, org.springframework.security.web.servletapi.SecurityContextHolderAwareRequestFilter@2c64e2d0, org.springframework.security.web.authentication.AnonymousAuthenticationFilter@751636da, org.springframework.security.web.session.SessionManagementFilter@1be6c991, org.springframework.security.web.access.ExceptionTranslationFilter@4f1cb802, org.springframework.security.web.access.intercept.AuthorizationFilter@85446a]
2025-11-24 09:09:19,434 INFO o.a.j.l.DirectJDKLog [main] Starting ProtocolHandler ["http-nio-8080"]
2025-11-24 09:09:19,443 INFO o.s.b.w.e.t.TomcatWebServer [main] Tomcat started on port 8080 (http) with context path ''
2025-11-24 09:09:19,450 INFO o.s.b.StartupInfoLogger [main] Started Application in 3.513 seconds (process running for 3.724)
2025-11-24 09:09:22,167 INFO o.a.j.l.DirectJDKLog [http-nio-8080-exec-1] Initializing Spring DispatcherServlet 'dispatcherServlet'
2025-11-24 09:09:22,168 INFO o.s.w.s.FrameworkServlet [http-nio-8080-exec-1] Initializing Servlet 'dispatcherServlet'
2025-11-24 09:09:22,169 INFO o.s.w.s.FrameworkServlet [http-nio-8080-exec-1] Completed initialization in 1 ms
2025-11-24 09:09:23,634 INFO o.e.s.CustomUserDetailsService [http-nio-8080-exec-6] Đang tìm tài khoản với tên đăng nhập: admin
2025-11-24 09:09:23,735 INFO o.e.s.CustomUserDetailsService [http-nio-8080-exec-6] Đã tìm thấy tài khoản. Mã TK: 3579, Tên đăng nhập: admin, Loại TK: NV, Trạng thái: 1, Enabled: true
2025-11-24 09:09:23,736 INFO o.e.s.CustomUserDetailsService [http-nio-8080-exec-6] Loại tài khoản: NV, Authorities: [ROLE_ADMIN, ROLE_NHAN_VIEN]
2025-11-24 09:11:13,165 INFO o.s.o.j.AbstractEntityManagerFactoryBean [SpringApplicationShutdownHook] Closing JPA EntityManagerFactory for persistence unit 'default'
2025-11-24 09:11:13,166 INFO c.z.h.HikariDataSource [SpringApplicationShutdownHook] HikariPool-1 - Shutdown initiated...
2025-11-24 09:11:13,171 INFO c.z.h.HikariDataSource [SpringApplicationShutdownHook] HikariPool-1 - Shutdown completed.
2025-11-24 09:11:14,967 INFO o.h.v.i.u.Version [background-preinit] HV000001: Hibernate Validator 8.0.1.Final
2025-11-24 09:11:14,995 INFO o.s.b.StartupInfoLogger [main] Starting Application using Java 17.0.12 with PID 212265 (/home/guyguy/IdeaProjects/code4/dactaphanmem/target/classes started by guyguy in /home/guyguy/IdeaProjects/code4/dactaphanmem)
2025-11-24 09:11:14,995 DEBUG o.s.b.StartupInfoLogger [main] Running with Spring Boot v3.2.5, Spring v6.1.6
2025-11-24 09:11:14,996 INFO o.s.b.SpringApplication [main] No active profile set, falling back to 1 default profile: "default"
2025-11-24 09:11:15,504 INFO o.s.d.r.c.RepositoryConfigurationDelegate [main] Bootstrapping Spring Data JPA repositories in DEFAULT mode.
2025-11-24 09:11:15,565 INFO o.s.d.r.c.RepositoryConfigurationDelegate [main] Finished Spring Data repository scanning in 56 ms. Found 13 JPA repository interfaces.
2025-11-24 09:11:15,967 INFO o.s.b.w.e.t.TomcatWebServer [main] Tomcat initialized with port 8080 (http)
2025-11-24 09:11:15,973 INFO o.a.j.l.DirectJDKLog [main] Initializing ProtocolHandler ["http-nio-8080"]
2025-11-24 09:11:15,975 INFO o.a.j.l.DirectJDKLog [main] Starting service [Tomcat]
2025-11-24 09:11:15,975 INFO o.a.j.l.DirectJDKLog [main] Starting Servlet engine: [Apache Tomcat/10.1.20]
2025-11-24 09:11:16,009 INFO o.a.j.l.DirectJDKLog [main] Initializing Spring embedded WebApplicationContext
2025-11-24 09:11:16,010 INFO o.s.b.w.s.c.ServletWebServerApplicationContext [main] Root WebApplicationContext: initialization completed in 979 ms
2025-11-24 09:11:16,123 INFO o.h.j.i.u.LogHelper [main] HHH000204: Processing PersistenceUnitInfo [name: default]
2025-11-24 09:11:16,158 INFO o.h.Version [main] HHH000412: Hibernate ORM core version 6.4.4.Final
2025-11-24 09:11:16,185 INFO o.h.c.i.RegionFactoryInitiator [main] HHH000026: Second-level cache disabled
2025-11-24 09:11:16,362 INFO o.s.o.j.p.SpringPersistenceUnitInfo [main] No LoadTimeWeaver setup: ignoring JPA class transformer
2025-11-24 09:11:16,387 INFO c.z.h.HikariDataSource [main] HikariPool-1 - Starting...
2025-11-24 09:11:16,523 INFO c.z.h.p.HikariPool [main] HikariPool-1 - Added connection com.mysql.cj.jdbc.ConnectionImpl@20c3b34b
2025-11-24 09:11:16,525 INFO c.z.h.HikariDataSource [main] HikariPool-1 - Start completed.
2025-11-24 09:11:16,562 WARN o.h.e.j.d.i.DialectFactoryImpl [main] HHH90000025: MySQLDialect does not need to be specified explicitly using 'hibernate.dialect' (remove the property setting and it will be selected by default)
2025-11-24 09:11:17,239 INFO o.h.e.t.j.p.i.JtaPlatformInitiator [main] HHH000489: No JTA platform available (set 'hibernate.transaction.jta.platform' to enable JTA platform integration)
2025-11-24 09:11:17,240 INFO o.s.o.j.AbstractEntityManagerFactoryBean [main] Initialized JPA EntityManagerFactory for persistence unit 'default'
2025-11-24 09:11:17,443 INFO o.s.d.j.r.q.QueryEnhancerFactory [main] Hibernate is in classpath; If applicable, HQL parser will be used.
2025-11-24 09:11:17,866 WARN o.s.b.a.o.j.JpaBaseConfiguration$JpaWebConfiguration [main] spring.jpa.open-in-view is enabled by default. Therefore, database queries may be performed during view rendering. Explicitly configure spring.jpa.open-in-view to disable this warning
2025-11-24 09:11:18,061 INFO o.s.s.w.DefaultSecurityFilterChain [main] Will secure any request with [org.springframework.security.web.session.DisableEncodeUrlFilter@3e1f6318, org.springframework.security.web.context.request.async.WebAsyncManagerIntegrationFilter@23182d4d, org.springframework.security.web.context.SecurityContextHolderFilter@2771e501, org.springframework.security.web.header.HeaderWriterFilter@4c29138a, org.springframework.web.filter.CorsFilter@22ca5fe1, org.springframework.security.web.csrf.CsrfFilter@796267e8, org.springframework.security.web.authentication.logout.LogoutFilter@f6e9c18, org.springframework.security.web.authentication.UsernamePasswordAuthenticationFilter@667ce5fa, org.springframework.security.web.session.ConcurrentSessionFilter@15382815, org.springframework.security.web.savedrequest.RequestCacheAwareFilter@3846ba32, org.springframework.security.web.servletapi.SecurityContextHolderAwareRequestFilter@40a32c25, org.springframework.security.web.authentication.AnonymousAuthenticationFilter@45cd5c56, org.springframework.security.web.session.SessionManagementFilter@5edeb83e, org.springframework.security.web.access.ExceptionTranslationFilter@11bac6d7, org.springframework.security.web.access.intercept.AuthorizationFilter@3a44ebd5]
2025-11-24 09:11:18,219 INFO o.a.j.l.DirectJDKLog [main] Starting ProtocolHandler ["http-nio-8080"]
2025-11-24 09:11:18,229 INFO o.s.b.w.e.t.TomcatWebServer [main] Tomcat started on port 8080 (http) with context path ''
2025-11-24 09:11:18,239 INFO o.s.b.StartupInfoLogger [main] Started Application in 3.649 seconds (process running for 3.862)
2025-11-24 09:11:24,290 INFO o.a.j.l.DirectJDKLog [http-nio-8080-exec-1] Initializing Spring DispatcherServlet 'dispatcherServlet'
2025-11-24 09:11:24,291 INFO o.s.w.s.FrameworkServlet [http-nio-8080-exec-1] Initializing Servlet 'dispatcherServlet'
2025-11-24 09:11:24,292 INFO o.s.w.s.FrameworkServlet [http-nio-8080-exec-1] Completed initialization in 1 ms
2025-11-24 09:11:25,777 INFO o.e.s.CustomUserDetailsService [http-nio-8080-exec-6] Đang tìm tài khoản với tên đăng nhập: admin
2025-11-24 09:11:25,879 INFO o.e.s.CustomUserDetailsService [http-nio-8080-exec-6] Đã tìm thấy tài khoản. Mã TK: 3579, Tên đăng nhập: admin, Loại TK: NV, Trạng thái: 1, Enabled: true
2025-11-24 09:11:25,880 INFO o.e.s.CustomUserDetailsService [http-nio-8080-exec-6] Loại tài khoản: NV, Authorities: [ROLE_ADMIN, ROLE_NHAN_VIEN]
2025-11-24 09:11:39,108 INFO o.e.s.CustomUserDetailsService [http-nio-8080-exec-1] Đang tìm tài khoản với tên đăng nhập: admin
2025-11-24 09:11:39,114 INFO o.e.s.CustomUserDetailsService [http-nio-8080-exec-1] Đã tìm thấy tài khoản. Mã TK: 3579, Tên đăng nhập: admin, Loại TK: NV, Trạng thái: 1, Enabled: true
2025-11-24 09:11:39,115 INFO o.e.s.CustomUserDetailsService [http-nio-8080-exec-1] Loại tài khoản: NV, Authorities: [ROLE_ADMIN, ROLE_NHAN_VIEN]
2025-11-24 09:12:20,583 INFO o.e.s.CustomUserDetailsService [http-nio-8080-exec-8] Đang tìm tài khoản với tên đăng nhập: 223630778
2025-11-24 09:12:20,588 INFO o.e.s.CustomUserDetailsService [http-nio-8080-exec-8] Đã tìm thấy tài khoản. Mã TK: 3581, Tên đăng nhập: 223630778, Loại TK: SV, Trạng thái: 1, Enabled: true
2025-11-24 09:12:20,588 INFO o.e.s.CustomUserDetailsService [http-nio-8080-exec-8] Loại tài khoản: SV, Authorities: [ROLE_SINH_VIEN]
2025-11-24 09:12:20,656 INFO o.e.c.UserController [http-nio-8080-exec-7] UserController.checkInfo - User: 223630778, Authorities: [ROLE_SINH_VIEN]
2025-11-24 09:12:20,664 INFO o.e.c.UserController [http-nio-8080-exec-7] Sinh viên đã có thông tin: true
2025-11-24 09:13:57,539 INFO o.s.o.j.AbstractEntityManagerFactoryBean [SpringApplicationShutdownHook] Closing JPA EntityManagerFactory for persistence unit 'default'
2025-11-24 09:13:57,541 INFO c.z.h.HikariDataSource [SpringApplicationShutdownHook] HikariPool-1 - Shutdown initiated...
2025-11-24 09:13:57,545 INFO c.z.h.HikariDataSource [SpringApplicationShutdownHook] HikariPool-1 - Shutdown completed.
2025-11-24 09:15:24,808 INFO o.h.v.i.u.Version [background-preinit] HV000001: Hibernate Validator 8.0.1.Final
2025-11-24 09:15:24,833 INFO o.s.b.StartupInfoLogger [main] Starting Application using Java 17.0.12 with PID 216583 (/home/guyguy/IdeaProjects/code4/dactaphanmem/target/classes started by guyguy in /home/guyguy/IdeaProjects/code4/dactaphanmem)
2025-11-24 09:15:24,834 DEBUG o.s.b.StartupInfoLogger [main] Running with Spring Boot v3.2.5, Spring v6.1.6
2025-11-24 09:15:24,835 INFO o.s.b.SpringApplication [main] No active profile set, falling back to 1 default profile: "default"
2025-11-24 09:15:25,330 INFO o.s.d.r.c.RepositoryConfigurationDelegate [main] Bootstrapping Spring Data JPA repositories in DEFAULT mode.
2025-11-24 09:15:25,387 INFO o.s.d.r.c.RepositoryConfigurationDelegate [main] Finished Spring Data repository scanning in 51 ms. Found 13 JPA repository interfaces.
2025-11-24 09:15:25,756 INFO o.s.b.w.e.t.TomcatWebServer [main] Tomcat initialized with port 8080 (http)
2025-11-24 09:15:25,763 INFO o.a.j.l.DirectJDKLog [main] Initializing ProtocolHandler ["http-nio-8080"]
2025-11-24 09:15:25,764 INFO o.a.j.l.DirectJDKLog [main] Starting service [Tomcat]
2025-11-24 09:15:25,765 INFO o.a.j.l.DirectJDKLog [main] Starting Servlet engine: [Apache Tomcat/10.1.20]
2025-11-24 09:15:25,798 INFO o.a.j.l.DirectJDKLog [main] Initializing Spring embedded WebApplicationContext
2025-11-24 09:15:25,799 INFO o.s.b.w.s.c.ServletWebServerApplicationContext [main] Root WebApplicationContext: initialization completed in 933 ms
2025-11-24 09:15:25,906 INFO o.h.j.i.u.LogHelper [main] HHH000204: Processing PersistenceUnitInfo [name: default]
2025-11-24 09:15:25,940 INFO o.h.Version [main] HHH000412: Hibernate ORM core version 6.4.4.Final
2025-11-24 09:15:25,961 INFO o.h.c.i.RegionFactoryInitiator [main] HHH000026: Second-level cache disabled
2025-11-24 09:15:26,092 INFO o.s.o.j.p.SpringPersistenceUnitInfo [main] No LoadTimeWeaver setup: ignoring JPA class transformer
2025-11-24 09:15:26,109 INFO c.z.h.HikariDataSource [main] HikariPool-1 - Starting...
2025-11-24 09:15:26,205 INFO c.z.h.p.HikariPool [main] HikariPool-1 - Added connection com.mysql.cj.jdbc.ConnectionImpl@36238b12
2025-11-24 09:15:26,206 INFO c.z.h.HikariDataSource [main] HikariPool-1 - Start completed.
2025-11-24 09:15:26,233 WARN o.h.e.j.d.i.DialectFactoryImpl [main] HHH90000025: MySQLDialect does not need to be specified explicitly using 'hibernate.dialect' (remove the property setting and it will be selected by default)
2025-11-24 09:15:26,865 INFO o.h.e.t.j.p.i.JtaPlatformInitiator [main] HHH000489: No JTA platform available (set 'hibernate.transaction.jta.platform' to enable JTA platform integration)
2025-11-24 09:15:26,867 INFO o.s.o.j.AbstractEntityManagerFactoryBean [main] Initialized JPA EntityManagerFactory for persistence unit 'default'
2025-11-24 09:15:27,051 INFO o.s.d.j.r.q.QueryEnhancerFactory [main] Hibernate is in classpath; If applicable, HQL parser will be used.
2025-11-24 09:15:27,468 WARN o.s.b.a.o.j.JpaBaseConfiguration$JpaWebConfiguration [main] spring.jpa.open-in-view is enabled by default. Therefore, database queries may be performed during view rendering. Explicitly configure spring.jpa.open-in-view to disable this warning
2025-11-24 09:15:27,666 INFO o.s.s.w.DefaultSecurityFilterChain [main] Will secure any request with [org.springframework.security.web.session.DisableEncodeUrlFilter@1f6af096, org.springframework.security.web.context.request.async.WebAsyncManagerIntegrationFilter@54b3407b, org.springframework.security.web.context.SecurityContextHolderFilter@4844cbe4, org.springframework.security.web.header.HeaderWriterFilter@128579a6, org.springframework.web.filter.CorsFilter@2fc698a9, org.springframework.security.web.csrf.CsrfFilter@ba77dc6, org.springframework.security.web.authentication.logout.LogoutFilter@56957f08, org.springframework.security.web.authentication.UsernamePasswordAuthenticationFilter@f6e9c18, org.springframework.security.web.session.ConcurrentSessionFilter@84180e2, org.springframework.security.web.savedrequest.RequestCacheAwareFilter@7f1e946f, org.springframework.security.web.servletapi.SecurityContextHolderAwareRequestFilter@542adcfa, org.springframework.security.web.authentication.AnonymousAuthenticationFilter@4823f3b8, org.springframework.security.web.session.SessionManagementFilter@272d0dd3, org.springframework.security.web.access.ExceptionTranslationFilter@6cbbfe03, org.springframework.security.web.access.intercept.AuthorizationFilter@12db2921]
2025-11-24 09:15:27,822 INFO o.a.j.l.DirectJDKLog [main] Starting ProtocolHandler ["http-nio-8080"]
2025-11-24 09:15:27,831 INFO o.s.b.w.e.t.TomcatWebServer [main] Tomcat started on port 8080 (http) with context path ''
2025-11-24 09:15:27,838 INFO o.s.b.StartupInfoLogger [main] Started Application in 3.397 seconds (process running for 3.608)
2025-11-24 09:15:32,592 INFO o.a.j.l.DirectJDKLog [http-nio-8080-exec-1] Initializing Spring DispatcherServlet 'dispatcherServlet'
2025-11-24 09:15:32,592 INFO o.s.w.s.FrameworkServlet [http-nio-8080-exec-1] Initializing Servlet 'dispatcherServlet'
2025-11-24 09:15:32,593 INFO o.s.w.s.FrameworkServlet [http-nio-8080-exec-1] Completed initialization in 1 ms
2025-11-24 09:15:34,310 INFO o.e.s.CustomUserDetailsService [http-nio-8080-exec-6] Đang tìm tài khoản với tên đăng nhập: 223630778
2025-11-24 09:15:34,405 INFO o.e.s.CustomUserDetailsService [http-nio-8080-exec-6] Đã tìm thấy tài khoản. Mã TK: 3581, Tên đăng nhập: 223630778, Loại TK: SV, Trạng thái: 1, Enabled: true
2025-11-24 09:15:34,406 INFO o.e.s.CustomUserDetailsService [http-nio-8080-exec-6] Loại tài khoản: SV, Authorities: [ROLE_SINH_VIEN]
2025-11-24 09:15:34,475 INFO o.e.c.UserController [http-nio-8080-exec-7] UserController.checkInfo - User: 223630778, Authorities: [ROLE_SINH_VIEN]
2025-11-24 09:15:34,485 INFO o.e.c.UserController [http-nio-8080-exec-7] Sinh viên đã có thông tin: true
2025-11-24 09:15:38,298 ERROR o.t.TemplateEngine [http-nio-8080-exec-1] [THYMELEAF][http-nio-8080-exec-1] Exception processing template "user/thong-tin-sinh-vien-update": Error during execution of processor 'org.thymeleaf.spring6.processor.SpringInputGeneralFieldTagProcessor' (template: "user/thong-tin-sinh-vien-update" - line 68, col 77)
org.thymeleaf.exceptions.TemplateProcessingException: Error during execution of processor 'org.thymeleaf.spring6.processor.SpringInputGeneralFieldTagProcessor' (template: "user/thong-tin-sinh-vien-update" - line 68, col 77)
	at org.thymeleaf.processor.element.AbstractAttributeTagProcessor.doProcess(AbstractAttributeTagProcessor.java:117)
	at org.thymeleaf.processor.element.AbstractElementTagProcessor.process(AbstractElementTagProcessor.java:95)
	at org.thymeleaf.util.ProcessorConfigurationUtils$ElementTagProcessorWrapper.process(ProcessorConfigurationUtils.java:633)
	at org.thymeleaf.engine.ProcessorTemplateHandler.handleStandaloneElement(ProcessorTemplateHandler.java:918)
	at org.thymeleaf.engine.StandaloneElementTag.beHandled(StandaloneElementTag.java:228)
	at org.thymeleaf.engine.TemplateModel.process(TemplateModel.java:136)
	at org.thymeleaf.engine.TemplateManager.parseAndProcess(TemplateManager.java:661)
	at org.thymeleaf.TemplateEngine.process(TemplateEngine.java:1103)
	at org.thymeleaf.TemplateEngine.process(TemplateEngine.java:1077)
	at org.thymeleaf.spring6.view.ThymeleafView.renderFragment(ThymeleafView.java:372)
	at org.thymeleaf.spring6.view.ThymeleafView.render(ThymeleafView.java:192)
	at org.springframework.web.servlet.DispatcherServlet.render(DispatcherServlet.java:1431)
	at org.springframework.web.servlet.DispatcherServlet.processDispatchResult(DispatcherServlet.java:1167)
	at org.springframework.web.servlet.DispatcherServlet.doDispatch(DispatcherServlet.java:1106)
	at org.springframework.web.servlet.DispatcherServlet.doService(DispatcherServlet.java:979)
	at org.springframework.web.servlet.FrameworkServlet.processRequest(FrameworkServlet.java:1014)
	at org.springframework.web.servlet.FrameworkServlet.doGet(FrameworkServlet.java:903)
	at jakarta.servlet.http.HttpServlet.service(HttpServlet.java:564)
	at org.springframework.web.servlet.FrameworkServlet.service(FrameworkServlet.java:885)
	at jakarta.servlet.http.HttpServlet.service(HttpServlet.java:658)
	at org.apache.catalina.core.ApplicationFilterChain.internalDoFilter(ApplicationFilterChain.java:206)
	at org.apache.catalina.core.ApplicationFilterChain.doFilter(ApplicationFilterChain.java:150)
	at org.apache.tomcat.websocket.server.WsFilter.doFilter(WsFilter.java:51)
	at org.apache.catalina.core.ApplicationFilterChain.internalDoFilter(ApplicationFilterChain.java:175)
	at org.apache.catalina.core.ApplicationFilterChain.doFilter(ApplicationFilterChain.java:150)
	at org.springframework.web.filter.CompositeFilter$VirtualFilterChain.doFilter(CompositeFilter.java:108)
	at org.springframework.security.web.FilterChainProxy.lambda$doFilterInternal$3(FilterChainProxy.java:231)
	at org.springframework.security.web.FilterChainProxy$VirtualFilterChain.doFilter(FilterChainProxy.java:365)
	at org.springframework.security.web.access.intercept.AuthorizationFilter.doFilter(AuthorizationFilter.java:100)
	at org.springframework.security.web.FilterChainProxy$VirtualFilterChain.doFilter(FilterChainProxy.java:374)
	at org.springframework.security.web.access.ExceptionTranslationFilter.doFilter(ExceptionTranslationFilter.java:126)
	at org.springframework.security.web.access.ExceptionTranslationFilter.doFilter(ExceptionTranslationFilter.java:120)
	at org.springframework.security.web.FilterChainProxy$VirtualFilterChain.doFilter(FilterChainProxy.java:374)
	at org.springframework.security.web.session.SessionManagementFilter.doFilter(SessionManagementFilter.java:131)
	at org.springframework.security.web.session.SessionManagementFilter.doFilter(SessionManagementFilter.java:85)
	at org.springframework.security.web.FilterChainProxy$VirtualFilterChain.doFilter(FilterChainProxy.java:374)
	at org.springframework.security.web.authentication.AnonymousAuthenticationFilter.doFilter(AnonymousAuthenticationFilter.java:100)
	at org.springframework.security.web.FilterChainProxy$VirtualFilterChain.doFilter(FilterChainProxy.java:374)
	at org.springframework.security.web.servletapi.SecurityContextHolderAwareRequestFilter.doFilter(SecurityContextHolderAwareRequestFilter.java:179)
	at org.springframework.security.web.FilterChainProxy$VirtualFilterChain.doFilter(FilterChainProxy.java:374)
	at org.springframework.security.web.savedrequest.RequestCacheAwareFilter.doFilter(RequestCacheAwareFilter.java:63)
	at org.springframework.security.web.FilterChainProxy$VirtualFilterChain.doFilter(FilterChainProxy.java:374)
	at org.springframework.security.web.session.ConcurrentSessionFilter.doFilter(ConcurrentSessionFilter.java:151)
	at org.springframework.security.web.session.ConcurrentSessionFilter.doFilter(ConcurrentSessionFilter.java:129)
	at org.springframework.security.web.FilterChainProxy$VirtualFilterChain.doFilter(FilterChainProxy.java:374)
	at org.springframework.security.web.authentication.AbstractAuthenticationProcessingFilter.doFilter(AbstractAuthenticationProcessingFilter.java:227)
	at org.springframework.security.web.authentication.AbstractAuthenticationProcessingFilter.doFilter(AbstractAuthenticationProcessingFilter.java:221)
	at org.springframework.security.web.FilterChainProxy$VirtualFilterChain.doFilter(FilterChainProxy.java:374)
	at org.springframework.security.web.authentication.logout.LogoutFilter.doFilter(LogoutFilter.java:107)
	at org.springframework.security.web.authentication.logout.LogoutFilter.doFilter(LogoutFilter.java:93)
	at org.springframework.security.web.FilterChainProxy$VirtualFilterChain.doFilter(FilterChainProxy.java:374)
	at org.springframework.security.web.csrf.CsrfFilter.doFilterInternal(CsrfFilter.java:117)
	at org.springframework.web.filter.OncePerRequestFilter.doFilter(OncePerRequestFilter.java:116)
	at org.springframework.security.web.FilterChainProxy$VirtualFilterChain.doFilter(FilterChainProxy.java:374)
	at org.springframework.web.filter.CorsFilter.doFilterInternal(CorsFilter.java:91)
	at org.springframework.web.filter.OncePerRequestFilter.doFilter(OncePerRequestFilter.java:116)
	at org.springframework.security.web.FilterChainProxy$VirtualFilterChain.doFilter(FilterChainProxy.java:374)
	at org.springframework.security.web.header.HeaderWriterFilter.doHeadersAfter(HeaderWriterFilter.java:90)
	at org.springframework.security.web.header.HeaderWriterFilter.doFilterInternal(HeaderWriterFilter.java:75)
	at org.springframework.web.filter.OncePerRequestFilter.doFilter(OncePerRequestFilter.java:116)
	at org.springframework.security.web.FilterChainProxy$VirtualFilterChain.doFilter(FilterChainProxy.java:374)
	at org.springframework.security.web.context.SecurityContextHolderFilter.doFilter(SecurityContextHolderFilter.java:82)
	at org.springframework.security.web.context.SecurityContextHolderFilter.doFilter(SecurityContextHolderFilter.java:69)
	at org.springframework.security.web.FilterChainProxy$VirtualFilterChain.doFilter(FilterChainProxy.java:374)
	at org.springframework.security.web.context.request.async.WebAsyncManagerIntegrationFilter.doFilterInternal(WebAsyncManagerIntegrationFilter.java:62)
	at org.springframework.web.filter.OncePerRequestFilter.doFilter(OncePerRequestFilter.java:116)
	at org.springframework.security.web.FilterChainProxy$VirtualFilterChain.doFilter(FilterChainProxy.java:374)
	at org.springframework.security.web.session.DisableEncodeUrlFilter.doFilterInternal(DisableEncodeUrlFilter.java:42)
	at org.springframework.web.filter.OncePerRequestFilter.doFilter(OncePerRequestFilter.java:116)
	at org.springframework.security.web.FilterChainProxy$VirtualFilterChain.doFilter(FilterChainProxy.java:374)
	at org.springframework.security.web.FilterChainProxy.doFilterInternal(FilterChainProxy.java:233)
	at org.springframework.security.web.FilterChainProxy.doFilter(FilterChainProxy.java:191)
	at org.springframework.web.filter.CompositeFilter$VirtualFilterChain.doFilter(CompositeFilter.java:113)
	at org.springframework.web.servlet.handler.HandlerMappingIntrospector.lambda$createCacheFilter$3(HandlerMappingIntrospector.java:195)
	at org.springframework.web.filter.CompositeFilter$VirtualFilterChain.doFilter(CompositeFilter.java:113)
	at org.springframework.web.filter.CompositeFilter.doFilter(CompositeFilter.java:74)
	at org.springframework.security.config.annotation.web.configuration.WebMvcSecurityConfiguration$CompositeFilterChainProxy.doFilter(WebMvcSecurityConfiguration.java:230)
	at org.springframework.web.filter.DelegatingFilterProxy.invokeDelegate(DelegatingFilterProxy.java:352)
	at org.springframework.web.filter.DelegatingFilterProxy.doFilter(DelegatingFilterProxy.java:268)
	at org.apache.catalina.core.ApplicationFilterChain.internalDoFilter(ApplicationFilterChain.java:175)
	at org.apache.catalina.core.ApplicationFilterChain.doFilter(ApplicationFilterChain.java:150)
	at org.springframework.web.filter.RequestContextFilter.doFilterInternal(RequestContextFilter.java:100)
	at org.springframework.web.filter.OncePerRequestFilter.doFilter(OncePerRequestFilter.java:116)
	at org.apache.catalina.core.ApplicationFilterChain.internalDoFilter(ApplicationFilterChain.java:175)
	at org.apache.catalina.core.ApplicationFilterChain.doFilter(ApplicationFilterChain.java:150)
	at org.springframework.web.filter.FormContentFilter.doFilterInternal(FormContentFilter.java:93)
	at org.springframework.web.filter.OncePerRequestFilter.doFilter(OncePerRequestFilter.java:116)
	at org.apache.catalina.core.ApplicationFilterChain.internalDoFilter(ApplicationFilterChain.java:175)
	at org.apache.catalina.core.ApplicationFilterChain.doFilter(ApplicationFilterChain.java:150)
	at org.springframework.web.filter.CharacterEncodingFilter.doFilterInternal(CharacterEncodingFilter.java:201)
	at org.springframework.web.filter.OncePerRequestFilter.doFilter(OncePerRequestFilter.java:116)
	at org.apache.catalina.core.ApplicationFilterChain.internalDoFilter(ApplicationFilterChain.java:175)
	at org.apache.catalina.core.ApplicationFilterChain.doFilter(ApplicationFilterChain.java:150)
	at org.apache.catalina.core.StandardWrapperValve.invoke(StandardWrapperValve.java:167)
	at org.apache.catalina.core.StandardContextValve.invoke(StandardContextValve.java:90)
	at org.apache.catalina.authenticator.AuthenticatorBase.invoke(AuthenticatorBase.java:482)
	at org.apache.catalina.core.StandardHostValve.invoke(StandardHostValve.java:115)
	at org.apache.catalina.valves.ErrorReportValve.invoke(ErrorReportValve.java:93)
	at org.apache.catalina.core.StandardEngineValve.invoke(StandardEngineValve.java:74)
	at org.apache.catalina.connector.CoyoteAdapter.service(CoyoteAdapter.java:344)
	at org.apache.coyote.http11.Http11Processor.service(Http11Processor.java:391)
	at org.apache.coyote.AbstractProcessorLight.process(AbstractProcessorLight.java:63)
	at org.apache.coyote.AbstractProtocol$ConnectionHandler.process(AbstractProtocol.java:896)
	at org.apache.tomcat.util.net.NioEndpoint$SocketProcessor.doRun(NioEndpoint.java:1736)
	at org.apache.tomcat.util.net.SocketProcessorBase.run(SocketProcessorBase.java:52)
	at org.apache.tomcat.util.threads.ThreadPoolExecutor.runWorker(ThreadPoolExecutor.java:1191)
	at org.apache.tomcat.util.threads.ThreadPoolExecutor$Worker.run(ThreadPoolExecutor.java:659)
	at org.apache.tomcat.util.threads.TaskThread$WrappingRunnable.run(TaskThread.java:63)
	at java.base/java.lang.Thread.run(Thread.java:842)
Caused by: org.springframework.beans.NotReadablePropertyException: Invalid property 'email' of bean class [org.example.model.SinhVien]: Bean property 'email' is not readable or has an invalid getter method: Does the return type of the getter match the parameter type of the setter?
	at org.springframework.beans.AbstractNestablePropertyAccessor.getPropertyValue(AbstractNestablePropertyAccessor.java:627)
	at org.springframework.beans.AbstractNestablePropertyAccessor.getPropertyValue(AbstractNestablePropertyAccessor.java:617)
	at org.springframework.validation.AbstractPropertyBindingResult.getActualFieldValue(AbstractPropertyBindingResult.java:105)
	at org.springframework.validation.AbstractBindingResult.getFieldValue(AbstractBindingResult.java:225)
	at org.springframework.web.servlet.support.BindStatus.<init>(BindStatus.java:129)
	at org.springframework.web.servlet.support.RequestContext.getBindStatus(RequestContext.java:926)
	at org.thymeleaf.spring6.context.webmvc.SpringWebMvcThymeleafRequestContext.getBindStatus(SpringWebMvcThymeleafRequestContext.java:232)
	at org.thymeleaf.spring6.util.FieldUtils.getBindStatusFromParsedExpression(FieldUtils.java:306)
	at org.thymeleaf.spring6.util.FieldUtils.getBindStatus(FieldUtils.java:253)
	at org.thymeleaf.spring6.util.FieldUtils.getBindStatus(FieldUtils.java:227)
	at org.thymeleaf.spring6.processor.AbstractSpringFieldTagProcessor.doProcess(AbstractSpringFieldTagProcessor.java:174)
	at org.thymeleaf.processor.element.AbstractAttributeTagProcessor.doProcess(AbstractAttributeTagProcessor.java:74)
	... 108 common frames omitted
2025-11-24 09:15:38,301 ERROR o.a.j.l.DirectJDKLog [http-nio-8080-exec-1] Servlet.service() for servlet [dispatcherServlet] in context with path [] threw exception [Request processing failed: org.thymeleaf.exceptions.TemplateProcessingException: Error during execution of processor 'org.thymeleaf.spring6.processor.SpringInputGeneralFieldTagProcessor' (template: "user/thong-tin-sinh-vien-update" - line 68, col 77)] with root cause
org.springframework.beans.NotReadablePropertyException: Invalid property 'email' of bean class [org.example.model.SinhVien]: Bean property 'email' is not readable or has an invalid getter method: Does the return type of the getter match the parameter type of the setter?
	at org.springframework.beans.AbstractNestablePropertyAccessor.getPropertyValue(AbstractNestablePropertyAccessor.java:627)
	at org.springframework.beans.AbstractNestablePropertyAccessor.getPropertyValue(AbstractNestablePropertyAccessor.java:617)
	at org.springframework.validation.AbstractPropertyBindingResult.getActualFieldValue(AbstractPropertyBindingResult.java:105)
	at org.springframework.validation.AbstractBindingResult.getFieldValue(AbstractBindingResult.java:225)
	at org.springframework.web.servlet.support.BindStatus.<init>(BindStatus.java:129)
	at org.springframework.web.servlet.support.RequestContext.getBindStatus(RequestContext.java:926)
	at org.thymeleaf.spring6.context.webmvc.SpringWebMvcThymeleafRequestContext.getBindStatus(SpringWebMvcThymeleafRequestContext.java:232)
	at org.thymeleaf.spring6.util.FieldUtils.getBindStatusFromParsedExpression(FieldUtils.java:306)
	at org.thymeleaf.spring6.util.FieldUtils.getBindStatus(FieldUtils.java:253)
	at org.thymeleaf.spring6.util.FieldUtils.getBindStatus(FieldUtils.java:227)
	at org.thymeleaf.spring6.processor.AbstractSpringFieldTagProcessor.doProcess(AbstractSpringFieldTagProcessor.java:174)
	at org.thymeleaf.processor.element.AbstractAttributeTagProcessor.doProcess(AbstractAttributeTagProcessor.java:74)
	at org.thymeleaf.processor.element.AbstractElementTagProcessor.process(AbstractElementTagProcessor.java:95)
	at org.thymeleaf.util.ProcessorConfigurationUtils$ElementTagProcessorWrapper.process(ProcessorConfigurationUtils.java:633)
	at org.thymeleaf.engine.ProcessorTemplateHandler.handleStandaloneElement(ProcessorTemplateHandler.java:918)
	at org.thymeleaf.engine.StandaloneElementTag.beHandled(StandaloneElementTag.java:228)
	at org.thymeleaf.engine.TemplateModel.process(TemplateModel.java:136)
	at org.thymeleaf.engine.TemplateManager.parseAndProcess(TemplateManager.java:661)
	at org.thymeleaf.TemplateEngine.process(TemplateEngine.java:1103)
	at org.thymeleaf.TemplateEngine.process(TemplateEngine.java:1077)
	at org.thymeleaf.spring6.view.ThymeleafView.renderFragment(ThymeleafView.java:372)
	at org.thymeleaf.spring6.view.ThymeleafView.render(ThymeleafView.java:192)
	at org.springframework.web.servlet.DispatcherServlet.render(DispatcherServlet.java:1431)
	at org.springframework.web.servlet.DispatcherServlet.processDispatchResult(DispatcherServlet.java:1167)
	at org.springframework.web.servlet.DispatcherServlet.doDispatch(DispatcherServlet.java:1106)
	at org.springframework.web.servlet.DispatcherServlet.doService(DispatcherServlet.java:979)
	at org.springframework.web.servlet.FrameworkServlet.processRequest(FrameworkServlet.java:1014)
	at org.springframework.web.servlet.FrameworkServlet.doGet(FrameworkServlet.java:903)
	at jakarta.servlet.http.HttpServlet.service(HttpServlet.java:564)
	at org.springframework.web.servlet.FrameworkServlet.service(FrameworkServlet.java:885)
	at jakarta.servlet.http.HttpServlet.service(HttpServlet.java:658)
	at org.apache.catalina.core.ApplicationFilterChain.internalDoFilter(ApplicationFilterChain.java:206)
	at org.apache.catalina.core.ApplicationFilterChain.doFilter(ApplicationFilterChain.java:150)
	at org.apache.tomcat.websocket.server.WsFilter.doFilter(WsFilter.java:51)
	at org.apache.catalina.core.ApplicationFilterChain.internalDoFilter(ApplicationFilterChain.java:175)
	at org.apache.catalina.core.ApplicationFilterChain.doFilter(ApplicationFilterChain.java:150)
	at org.springframework.web.filter.CompositeFilter$VirtualFilterChain.doFilter(CompositeFilter.java:108)
	at org.springframework.security.web.FilterChainProxy.lambda$doFilterInternal$3(FilterChainProxy.java:231)
	at org.springframework.security.web.FilterChainProxy$VirtualFilterChain.doFilter(FilterChainProxy.java:365)
	at org.springframework.security.web.access.intercept.AuthorizationFilter.doFilter(AuthorizationFilter.java:100)
	at org.springframework.security.web.FilterChainProxy$VirtualFilterChain.doFilter(FilterChainProxy.java:374)
	at org.springframework.security.web.access.ExceptionTranslationFilter.doFilter(ExceptionTranslationFilter.java:126)
	at org.springframework.security.web.access.ExceptionTranslationFilter.doFilter(ExceptionTranslationFilter.java:120)
	at org.springframework.security.web.FilterChainProxy$VirtualFilterChain.doFilter(FilterChainProxy.java:374)
	at org.springframework.security.web.session.SessionManagementFilter.doFilter(SessionManagementFilter.java:131)
	at org.springframework.security.web.session.SessionManagementFilter.doFilter(SessionManagementFilter.java:85)
	at org.springframework.security.web.FilterChainProxy$VirtualFilterChain.doFilter(FilterChainProxy.java:374)
	at org.springframework.security.web.authentication.AnonymousAuthenticationFilter.doFilter(AnonymousAuthenticationFilter.java:100)
	at org.springframework.security.web.FilterChainProxy$VirtualFilterChain.doFilter(FilterChainProxy.java:374)
	at org.springframework.security.web.servletapi.SecurityContextHolderAwareRequestFilter.doFilter(SecurityContextHolderAwareRequestFilter.java:179)
	at org.springframework.security.web.FilterChainProxy$VirtualFilterChain.doFilter(FilterChainProxy.java:374)
	at org.springframework.security.web.savedrequest.RequestCacheAwareFilter.doFilter(RequestCacheAwareFilter.java:63)
	at org.springframework.security.web.FilterChainProxy$VirtualFilterChain.doFilter(FilterChainProxy.java:374)
	at org.springframework.security.web.session.ConcurrentSessionFilter.doFilter(ConcurrentSessionFilter.java:151)
	at org.springframework.security.web.session.ConcurrentSessionFilter.doFilter(ConcurrentSessionFilter.java:129)
	at org.springframework.security.web.FilterChainProxy$VirtualFilterChain.doFilter(FilterChainProxy.java:374)
	at org.springframework.security.web.authentication.AbstractAuthenticationProcessingFilter.doFilter(AbstractAuthenticationProcessingFilter.java:227)
	at org.springframework.security.web.authentication.AbstractAuthenticationProcessingFilter.doFilter(AbstractAuthenticationProcessingFilter.java:221)
	at org.springframework.security.web.FilterChainProxy$VirtualFilterChain.doFilter(FilterChainProxy.java:374)
	at org.springframework.security.web.authentication.logout.LogoutFilter.doFilter(LogoutFilter.java:107)
	at org.springframework.security.web.authentication.logout.LogoutFilter.doFilter(LogoutFilter.java:93)
	at org.springframework.security.web.FilterChainProxy$VirtualFilterChain.doFilter(FilterChainProxy.java:374)
	at org.springframework.security.web.csrf.CsrfFilter.doFilterInternal(CsrfFilter.java:117)
	at org.springframework.web.filter.OncePerRequestFilter.doFilter(OncePerRequestFilter.java:116)
	at org.springframework.security.web.FilterChainProxy$VirtualFilterChain.doFilter(FilterChainProxy.java:374)
	at org.springframework.web.filter.CorsFilter.doFilterInternal(CorsFilter.java:91)
	at org.springframework.web.filter.OncePerRequestFilter.doFilter(OncePerRequestFilter.java:116)
	at org.springframework.security.web.FilterChainProxy$VirtualFilterChain.doFilter(FilterChainProxy.java:374)
	at org.springframework.security.web.header.HeaderWriterFilter.doHeadersAfter(HeaderWriterFilter.java:90)
	at org.springframework.security.web.header.HeaderWriterFilter.doFilterInternal(HeaderWriterFilter.java:75)
	at org.springframework.web.filter.OncePerRequestFilter.doFilter(OncePerRequestFilter.java:116)
	at org.springframework.security.web.FilterChainProxy$VirtualFilterChain.doFilter(FilterChainProxy.java:374)
	at org.springframework.security.web.context.SecurityContextHolderFilter.doFilter(SecurityContextHolderFilter.java:82)
	at org.springframework.security.web.context.SecurityContextHolderFilter.doFilter(SecurityContextHolderFilter.java:69)
	at org.springframework.security.web.FilterChainProxy$VirtualFilterChain.doFilter(FilterChainProxy.java:374)
	at org.springframework.security.web.context.request.async.WebAsyncManagerIntegrationFilter.doFilterInternal(WebAsyncManagerIntegrationFilter.java:62)
	at org.springframework.web.filter.OncePerRequestFilter.doFilter(OncePerRequestFilter.java:116)
	at org.springframework.security.web.FilterChainProxy$VirtualFilterChain.doFilter(FilterChainProxy.java:374)
	at org.springframework.security.web.session.DisableEncodeUrlFilter.doFilterInternal(DisableEncodeUrlFilter.java:42)
	at org.springframework.web.filter.OncePerRequestFilter.doFilter(OncePerRequestFilter.java:116)
	at org.springframework.security.web.FilterChainProxy$VirtualFilterChain.doFilter(FilterChainProxy.java:374)
	at org.springframework.security.web.FilterChainProxy.doFilterInternal(FilterChainProxy.java:233)
	at org.springframework.security.web.FilterChainProxy.doFilter(FilterChainProxy.java:191)
	at org.springframework.web.filter.CompositeFilter$VirtualFilterChain.doFilter(CompositeFilter.java:113)
	at org.springframework.web.servlet.handler.HandlerMappingIntrospector.lambda$createCacheFilter$3(HandlerMappingIntrospector.java:195)
	at org.springframework.web.filter.CompositeFilter$VirtualFilterChain.doFilter(CompositeFilter.java:113)
	at org.springframework.web.filter.CompositeFilter.doFilter(CompositeFilter.java:74)
	at org.springframework.security.config.annotation.web.configuration.WebMvcSecurityConfiguration$CompositeFilterChainProxy.doFilter(WebMvcSecurityConfiguration.java:230)
	at org.springframework.web.filter.DelegatingFilterProxy.invokeDelegate(DelegatingFilterProxy.java:352)
	at org.springframework.web.filter.DelegatingFilterProxy.doFilter(DelegatingFilterProxy.java:268)
	at org.apache.catalina.core.ApplicationFilterChain.internalDoFilter(ApplicationFilterChain.java:175)
	at org.apache.catalina.core.ApplicationFilterChain.doFilter(ApplicationFilterChain.java:150)
	at org.springframework.web.filter.RequestContextFilter.doFilterInternal(RequestContextFilter.java:100)
	at org.springframework.web.filter.OncePerRequestFilter.doFilter(OncePerRequestFilter.java:116)
	at org.apache.catalina.core.ApplicationFilterChain.internalDoFilter(ApplicationFilterChain.java:175)
	at org.apache.catalina.core.ApplicationFilterChain.doFilter(ApplicationFilterChain.java:150)
	at org.springframework.web.filter.FormContentFilter.doFilterInternal(FormContentFilter.java:93)
	at org.springframework.web.filter.OncePerRequestFilter.doFilter(OncePerRequestFilter.java:116)
	at org.apache.catalina.core.ApplicationFilterChain.internalDoFilter(ApplicationFilterChain.java:175)
	at org.apache.catalina.core.ApplicationFilterChain.doFilter(ApplicationFilterChain.java:150)
	at org.springframework.web.filter.CharacterEncodingFilter.doFilterInternal(CharacterEncodingFilter.java:201)
	at org.springframework.web.filter.OncePerRequestFilter.doFilter(OncePerRequestFilter.java:116)
	at org.apache.catalina.core.ApplicationFilterChain.internalDoFilter(ApplicationFilterChain.java:175)
	at org.apache.catalina.core.ApplicationFilterChain.doFilter(ApplicationFilterChain.java:150)
	at org.apache.catalina.core.StandardWrapperValve.invoke(StandardWrapperValve.java:167)
	at org.apache.catalina.core.StandardContextValve.invoke(StandardContextValve.java:90)
	at org.apache.catalina.authenticator.AuthenticatorBase.invoke(AuthenticatorBase.java:482)
	at org.apache.catalina.core.StandardHostValve.invoke(StandardHostValve.java:115)
	at org.apache.catalina.valves.ErrorReportValve.invoke(ErrorReportValve.java:93)
	at org.apache.catalina.core.StandardEngineValve.invoke(StandardEngineValve.java:74)
	at org.apache.catalina.connector.CoyoteAdapter.service(CoyoteAdapter.java:344)
	at org.apache.coyote.http11.Http11Processor.service(Http11Processor.java:391)
	at org.apache.coyote.AbstractProcessorLight.process(AbstractProcessorLight.java:63)
	at org.apache.coyote.AbstractProtocol$ConnectionHandler.process(AbstractProtocol.java:896)
	at org.apache.tomcat.util.net.NioEndpoint$SocketProcessor.doRun(NioEndpoint.java:1736)
	at org.apache.tomcat.util.net.SocketProcessorBase.run(SocketProcessorBase.java:52)
	at org.apache.tomcat.util.threads.ThreadPoolExecutor.runWorker(ThreadPoolExecutor.java:1191)
	at org.apache.tomcat.util.threads.ThreadPoolExecutor$Worker.run(ThreadPoolExecutor.java:659)
	at org.apache.tomcat.util.threads.TaskThread$WrappingRunnable.run(TaskThread.java:63)
	at java.base/java.lang.Thread.run(Thread.java:842)
2025-11-24 09:15:50,524 INFO o.e.s.CustomUserDetailsService [http-nio-8080-exec-2] Đang tìm tài khoản với tên đăng nhập: 223630778
2025-11-24 09:15:50,530 INFO o.e.s.CustomUserDetailsService [http-nio-8080-exec-2] Đã tìm thấy tài khoản. Mã TK: 3581, Tên đăng nhập: 223630778, Loại TK: SV, Trạng thái: 1, Enabled: true
2025-11-24 09:15:50,531 INFO o.e.s.CustomUserDetailsService [http-nio-8080-exec-2] Loại tài khoản: SV, Authorities: [ROLE_SINH_VIEN]
2025-11-24 09:15:50,599 INFO o.e.c.UserController [http-nio-8080-exec-3] UserController.checkInfo - User: 223630778, Authorities: [ROLE_SINH_VIEN]
2025-11-24 09:15:50,606 INFO o.e.c.UserController [http-nio-8080-exec-3] Sinh viên đã có thông tin: true
2025-11-24 09:20:28,115 INFO o.s.o.j.AbstractEntityManagerFactoryBean [SpringApplicationShutdownHook] Closing JPA EntityManagerFactory for persistence unit 'default'
2025-11-24 09:20:28,116 INFO c.z.h.HikariDataSource [SpringApplicationShutdownHook] HikariPool-1 - Shutdown initiated...
2025-11-24 09:20:28,122 INFO c.z.h.HikariDataSource [SpringApplicationShutdownHook] HikariPool-1 - Shutdown completed.
2025-11-24 09:20:30,343 INFO o.h.v.i.u.Version [background-preinit] HV000001: Hibernate Validator 8.0.1.Final
2025-11-24 09:20:30,372 INFO o.s.b.StartupInfoLogger [main] Starting Application using Java 17.0.12 with PID 222709 (/home/guyguy/IdeaProjects/code4/dactaphanmem/target/classes started by guyguy in /home/guyguy/IdeaProjects/code4/dactaphanmem)
2025-11-24 09:20:30,376 DEBUG o.s.b.StartupInfoLogger [main] Running with Spring Boot v3.2.5, Spring v6.1.6
2025-11-24 09:20:30,376 INFO o.s.b.SpringApplication [main] No active profile set, falling back to 1 default profile: "default"
2025-11-24 09:20:30,877 INFO o.s.d.r.c.RepositoryConfigurationDelegate [main] Bootstrapping Spring Data JPA repositories in DEFAULT mode.
2025-11-24 09:20:30,929 INFO o.s.d.r.c.RepositoryConfigurationDelegate [main] Finished Spring Data repository scanning in 45 ms. Found 13 JPA repository interfaces.
2025-11-24 09:20:31,330 INFO o.s.b.w.e.t.TomcatWebServer [main] Tomcat initialized with port 8080 (http)
2025-11-24 09:20:31,346 INFO o.a.j.l.DirectJDKLog [main] Initializing ProtocolHandler ["http-nio-8080"]
2025-11-24 09:20:31,348 INFO o.a.j.l.DirectJDKLog [main] Starting service [Tomcat]
2025-11-24 09:20:31,349 INFO o.a.j.l.DirectJDKLog [main] Starting Servlet engine: [Apache Tomcat/10.1.20]
2025-11-24 09:20:31,383 INFO o.a.j.l.DirectJDKLog [main] Initializing Spring embedded WebApplicationContext
2025-11-24 09:20:31,384 INFO o.s.b.w.s.c.ServletWebServerApplicationContext [main] Root WebApplicationContext: initialization completed in 979 ms
2025-11-24 09:20:31,497 INFO o.h.j.i.u.LogHelper [main] HHH000204: Processing PersistenceUnitInfo [name: default]
2025-11-24 09:20:31,525 INFO o.h.Version [main] HHH000412: Hibernate ORM core version 6.4.4.Final
2025-11-24 09:20:31,551 INFO o.h.c.i.RegionFactoryInitiator [main] HHH000026: Second-level cache disabled
2025-11-24 09:20:31,706 INFO o.s.o.j.p.SpringPersistenceUnitInfo [main] No LoadTimeWeaver setup: ignoring JPA class transformer
2025-11-24 09:20:31,724 INFO c.z.h.HikariDataSource [main] HikariPool-1 - Starting...
2025-11-24 09:20:31,870 INFO c.z.h.p.HikariPool [main] HikariPool-1 - Added connection com.mysql.cj.jdbc.ConnectionImpl@13e1e816
2025-11-24 09:20:31,871 INFO c.z.h.HikariDataSource [main] HikariPool-1 - Start completed.
2025-11-24 09:20:31,907 WARN o.h.e.j.d.i.DialectFactoryImpl [main] HHH90000025: MySQLDialect does not need to be specified explicitly using 'hibernate.dialect' (remove the property setting and it will be selected by default)
2025-11-24 09:20:32,581 INFO o.h.e.t.j.p.i.JtaPlatformInitiator [main] HHH000489: No JTA platform available (set 'hibernate.transaction.jta.platform' to enable JTA platform integration)
2025-11-24 09:20:32,583 INFO o.s.o.j.AbstractEntityManagerFactoryBean [main] Initialized JPA EntityManagerFactory for persistence unit 'default'
2025-11-24 09:20:32,784 INFO o.s.d.j.r.q.QueryEnhancerFactory [main] Hibernate is in classpath; If applicable, HQL parser will be used.
2025-11-24 09:20:33,250 WARN o.s.b.a.o.j.JpaBaseConfiguration$JpaWebConfiguration [main] spring.jpa.open-in-view is enabled by default. Therefore, database queries may be performed during view rendering. Explicitly configure spring.jpa.open-in-view to disable this warning
2025-11-24 09:20:33,449 INFO o.s.s.w.DefaultSecurityFilterChain [main] Will secure any request with [org.springframework.security.web.session.DisableEncodeUrlFilter@75225415, org.springframework.security.web.context.request.async.WebAsyncManagerIntegrationFilter@1f6af096, org.springframework.security.web.context.SecurityContextHolderFilter@5edeb83e, org.springframework.security.web.header.HeaderWriterFilter@78b20c7f, org.springframework.web.filter.CorsFilter@54b3407b, org.springframework.security.web.csrf.CsrfFilter@1cad8bce, org.springframework.security.web.authentication.logout.LogoutFilter@685280dd, org.springframework.security.web.authentication.UsernamePasswordAuthenticationFilter@12db2921, org.springframework.security.web.session.ConcurrentSessionFilter@18482805, org.springframework.security.web.savedrequest.RequestCacheAwareFilter@4c752425, org.springframework.security.web.servletapi.SecurityContextHolderAwareRequestFilter@7f1e946f, org.springframework.security.web.authentication.AnonymousAuthenticationFilter@2fc698a9, org.springframework.security.web.session.SessionManagementFilter@14d5b2ac, org.springframework.security.web.access.ExceptionTranslationFilter@676c3745, org.springframework.security.web.access.intercept.AuthorizationFilter@55a7f0af]
2025-11-24 09:20:33,608 INFO o.a.j.l.DirectJDKLog [main] Starting ProtocolHandler ["http-nio-8080"]
2025-11-24 09:20:33,617 INFO o.s.b.w.e.t.TomcatWebServer [main] Tomcat started on port 8080 (http) with context path ''
2025-11-24 09:20:33,624 INFO o.s.b.StartupInfoLogger [main] Started Application in 3.629 seconds (process running for 3.845)
2025-11-24 09:20:38,623 INFO o.a.j.l.DirectJDKLog [http-nio-8080-exec-1] Initializing Spring DispatcherServlet 'dispatcherServlet'
2025-11-24 09:20:38,624 INFO o.s.w.s.FrameworkServlet [http-nio-8080-exec-1] Initializing Servlet 'dispatcherServlet'
2025-11-24 09:20:38,625 INFO o.s.w.s.FrameworkServlet [http-nio-8080-exec-1] Completed initialization in 1 ms
2025-11-24 09:20:38,721 INFO o.e.s.CustomUserDetailsService [http-nio-8080-exec-1] Đang tìm tài khoản với tên đăng nhập: 
2025-11-24 09:20:38,807 WARN o.e.s.CustomUserDetailsService [http-nio-8080-exec-1] Không tìm thấy tài khoản với tên đăng nhập: 
2025-11-24 09:20:41,194 INFO o.e.s.CustomUserDetailsService [http-nio-8080-exec-6] Đang tìm tài khoản với tên đăng nhập: 223630778
2025-11-24 09:20:41,213 INFO o.e.s.CustomUserDetailsService [http-nio-8080-exec-6] Đã tìm thấy tài khoản. Mã TK: 3581, Tên đăng nhập: 223630778, Loại TK: SV, Trạng thái: 1, Enabled: true
2025-11-24 09:20:41,213 INFO o.e.s.CustomUserDetailsService [http-nio-8080-exec-6] Loại tài khoản: SV, Authorities: [ROLE_SINH_VIEN]
2025-11-24 09:20:41,284 INFO o.e.c.UserController [http-nio-8080-exec-7] UserController.checkInfo - User: 223630778, Authorities: [ROLE_SINH_VIEN]
2025-11-24 09:20:41,294 INFO o.e.c.UserController [http-nio-8080-exec-7] Sinh viên đã có thông tin: true
2025-11-24 09:20:47,133 ERROR o.t.TemplateEngine [http-nio-8080-exec-1] [THYMELEAF][http-nio-8080-exec-1] Exception processing template "user/thong-tin-sinh-vien-update": Error during execution of processor 'org.thymeleaf.spring6.processor.SpringInputGeneralFieldTagProcessor' (template: "user/thong-tin-sinh-vien-update" - line 68, col 77)
org.thymeleaf.exceptions.TemplateProcessingException: Error during execution of processor 'org.thymeleaf.spring6.processor.SpringInputGeneralFieldTagProcessor' (template: "user/thong-tin-sinh-vien-update" - line 68, col 77)
	at org.thymeleaf.processor.element.AbstractAttributeTagProcessor.doProcess(AbstractAttributeTagProcessor.java:117)
	at org.thymeleaf.processor.element.AbstractElementTagProcessor.process(AbstractElementTagProcessor.java:95)
	at org.thymeleaf.util.ProcessorConfigurationUtils$ElementTagProcessorWrapper.process(ProcessorConfigurationUtils.java:633)
	at org.thymeleaf.engine.ProcessorTemplateHandler.handleStandaloneElement(ProcessorTemplateHandler.java:918)
	at org.thymeleaf.engine.StandaloneElementTag.beHandled(StandaloneElementTag.java:228)
	at org.thymeleaf.engine.TemplateModel.process(TemplateModel.java:136)
	at org.thymeleaf.engine.TemplateManager.parseAndProcess(TemplateManager.java:661)
	at org.thymeleaf.TemplateEngine.process(TemplateEngine.java:1103)
	at org.thymeleaf.TemplateEngine.process(TemplateEngine.java:1077)
	at org.thymeleaf.spring6.view.ThymeleafView.renderFragment(ThymeleafView.java:372)
	at org.thymeleaf.spring6.view.ThymeleafView.render(ThymeleafView.java:192)
	at org.springframework.web.servlet.DispatcherServlet.render(DispatcherServlet.java:1431)
	at org.springframework.web.servlet.DispatcherServlet.processDispatchResult(DispatcherServlet.java:1167)
	at org.springframework.web.servlet.DispatcherServlet.doDispatch(DispatcherServlet.java:1106)
	at org.springframework.web.servlet.DispatcherServlet.doService(DispatcherServlet.java:979)
	at org.springframework.web.servlet.FrameworkServlet.processRequest(FrameworkServlet.java:1014)
	at org.springframework.web.servlet.FrameworkServlet.doGet(FrameworkServlet.java:903)
	at jakarta.servlet.http.HttpServlet.service(HttpServlet.java:564)
	at org.springframework.web.servlet.FrameworkServlet.service(FrameworkServlet.java:885)
	at jakarta.servlet.http.HttpServlet.service(HttpServlet.java:658)
	at org.apache.catalina.core.ApplicationFilterChain.internalDoFilter(ApplicationFilterChain.java:206)
	at org.apache.catalina.core.ApplicationFilterChain.doFilter(ApplicationFilterChain.java:150)
	at org.apache.tomcat.websocket.server.WsFilter.doFilter(WsFilter.java:51)
	at org.apache.catalina.core.ApplicationFilterChain.internalDoFilter(ApplicationFilterChain.java:175)
	at org.apache.catalina.core.ApplicationFilterChain.doFilter(ApplicationFilterChain.java:150)
	at org.springframework.web.filter.CompositeFilter$VirtualFilterChain.doFilter(CompositeFilter.java:108)
	at org.springframework.security.web.FilterChainProxy.lambda$doFilterInternal$3(FilterChainProxy.java:231)
	at org.springframework.security.web.FilterChainProxy$VirtualFilterChain.doFilter(FilterChainProxy.java:365)
	at org.springframework.security.web.access.intercept.AuthorizationFilter.doFilter(AuthorizationFilter.java:100)
	at org.springframework.security.web.FilterChainProxy$VirtualFilterChain.doFilter(FilterChainProxy.java:374)
	at org.springframework.security.web.access.ExceptionTranslationFilter.doFilter(ExceptionTranslationFilter.java:126)
	at org.springframework.security.web.access.ExceptionTranslationFilter.doFilter(ExceptionTranslationFilter.java:120)
	at org.springframework.security.web.FilterChainProxy$VirtualFilterChain.doFilter(FilterChainProxy.java:374)
	at org.springframework.security.web.session.SessionManagementFilter.doFilter(SessionManagementFilter.java:131)
	at org.springframework.security.web.session.SessionManagementFilter.doFilter(SessionManagementFilter.java:85)
	at org.springframework.security.web.FilterChainProxy$VirtualFilterChain.doFilter(FilterChainProxy.java:374)
	at org.springframework.security.web.authentication.AnonymousAuthenticationFilter.doFilter(AnonymousAuthenticationFilter.java:100)
	at org.springframework.security.web.FilterChainProxy$VirtualFilterChain.doFilter(FilterChainProxy.java:374)
	at org.springframework.security.web.servletapi.SecurityContextHolderAwareRequestFilter.doFilter(SecurityContextHolderAwareRequestFilter.java:179)
	at org.springframework.security.web.FilterChainProxy$VirtualFilterChain.doFilter(FilterChainProxy.java:374)
	at org.springframework.security.web.savedrequest.RequestCacheAwareFilter.doFilter(RequestCacheAwareFilter.java:63)
	at org.springframework.security.web.FilterChainProxy$VirtualFilterChain.doFilter(FilterChainProxy.java:374)
	at org.springframework.security.web.session.ConcurrentSessionFilter.doFilter(ConcurrentSessionFilter.java:151)
	at org.springframework.security.web.session.ConcurrentSessionFilter.doFilter(ConcurrentSessionFilter.java:129)
	at org.springframework.security.web.FilterChainProxy$VirtualFilterChain.doFilter(FilterChainProxy.java:374)
	at org.springframework.security.web.authentication.AbstractAuthenticationProcessingFilter.doFilter(AbstractAuthenticationProcessingFilter.java:227)
	at org.springframework.security.web.authentication.AbstractAuthenticationProcessingFilter.doFilter(AbstractAuthenticationProcessingFilter.java:221)
	at org.springframework.security.web.FilterChainProxy$VirtualFilterChain.doFilter(FilterChainProxy.java:374)
	at org.springframework.security.web.authentication.logout.LogoutFilter.doFilter(LogoutFilter.java:107)
	at org.springframework.security.web.authentication.logout.LogoutFilter.doFilter(LogoutFilter.java:93)
	at org.springframework.security.web.FilterChainProxy$VirtualFilterChain.doFilter(FilterChainProxy.java:374)
	at org.springframework.security.web.csrf.CsrfFilter.doFilterInternal(CsrfFilter.java:117)
	at org.springframework.web.filter.OncePerRequestFilter.doFilter(OncePerRequestFilter.java:116)
	at org.springframework.security.web.FilterChainProxy$VirtualFilterChain.doFilter(FilterChainProxy.java:374)
	at org.springframework.web.filter.CorsFilter.doFilterInternal(CorsFilter.java:91)
	at org.springframework.web.filter.OncePerRequestFilter.doFilter(OncePerRequestFilter.java:116)
	at org.springframework.security.web.FilterChainProxy$VirtualFilterChain.doFilter(FilterChainProxy.java:374)
	at org.springframework.security.web.header.HeaderWriterFilter.doHeadersAfter(HeaderWriterFilter.java:90)
	at org.springframework.security.web.header.HeaderWriterFilter.doFilterInternal(HeaderWriterFilter.java:75)
	at org.springframework.web.filter.OncePerRequestFilter.doFilter(OncePerRequestFilter.java:116)
	at org.springframework.security.web.FilterChainProxy$VirtualFilterChain.doFilter(FilterChainProxy.java:374)
	at org.springframework.security.web.context.SecurityContextHolderFilter.doFilter(SecurityContextHolderFilter.java:82)
	at org.springframework.security.web.context.SecurityContextHolderFilter.doFilter(SecurityContextHolderFilter.java:69)
	at org.springframework.security.web.FilterChainProxy$VirtualFilterChain.doFilter(FilterChainProxy.java:374)
	at org.springframework.security.web.context.request.async.WebAsyncManagerIntegrationFilter.doFilterInternal(WebAsyncManagerIntegrationFilter.java:62)
	at org.springframework.web.filter.OncePerRequestFilter.doFilter(OncePerRequestFilter.java:116)
	at org.springframework.security.web.FilterChainProxy$VirtualFilterChain.doFilter(FilterChainProxy.java:374)
	at org.springframework.security.web.session.DisableEncodeUrlFilter.doFilterInternal(DisableEncodeUrlFilter.java:42)
	at org.springframework.web.filter.OncePerRequestFilter.doFilter(OncePerRequestFilter.java:116)
	at org.springframework.security.web.FilterChainProxy$VirtualFilterChain.doFilter(FilterChainProxy.java:374)
	at org.springframework.security.web.FilterChainProxy.doFilterInternal(FilterChainProxy.java:233)
	at org.springframework.security.web.FilterChainProxy.doFilter(FilterChainProxy.java:191)
	at org.springframework.web.filter.CompositeFilter$VirtualFilterChain.doFilter(CompositeFilter.java:113)
	at org.springframework.web.servlet.handler.HandlerMappingIntrospector.lambda$createCacheFilter$3(HandlerMappingIntrospector.java:195)
	at org.springframework.web.filter.CompositeFilter$VirtualFilterChain.doFilter(CompositeFilter.java:113)
	at org.springframework.web.filter.CompositeFilter.doFilter(CompositeFilter.java:74)
	at org.springframework.security.config.annotation.web.configuration.WebMvcSecurityConfiguration$CompositeFilterChainProxy.doFilter(WebMvcSecurityConfiguration.java:230)
	at org.springframework.web.filter.DelegatingFilterProxy.invokeDelegate(DelegatingFilterProxy.java:352)
	at org.springframework.web.filter.DelegatingFilterProxy.doFilter(DelegatingFilterProxy.java:268)
	at org.apache.catalina.core.ApplicationFilterChain.internalDoFilter(ApplicationFilterChain.java:175)
	at org.apache.catalina.core.ApplicationFilterChain.doFilter(ApplicationFilterChain.java:150)
	at org.springframework.web.filter.RequestContextFilter.doFilterInternal(RequestContextFilter.java:100)
	at org.springframework.web.filter.OncePerRequestFilter.doFilter(OncePerRequestFilter.java:116)
	at org.apache.catalina.core.ApplicationFilterChain.internalDoFilter(ApplicationFilterChain.java:175)
	at org.apache.catalina.core.ApplicationFilterChain.doFilter(ApplicationFilterChain.java:150)
	at org.springframework.web.filter.FormContentFilter.doFilterInternal(FormContentFilter.java:93)
	at org.springframework.web.filter.OncePerRequestFilter.doFilter(OncePerRequestFilter.java:116)
	at org.apache.catalina.core.ApplicationFilterChain.internalDoFilter(ApplicationFilterChain.java:175)
	at org.apache.catalina.core.ApplicationFilterChain.doFilter(ApplicationFilterChain.java:150)
	at org.springframework.web.filter.CharacterEncodingFilter.doFilterInternal(CharacterEncodingFilter.java:201)
	at org.springframework.web.filter.OncePerRequestFilter.doFilter(OncePerRequestFilter.java:116)
	at org.apache.catalina.core.ApplicationFilterChain.internalDoFilter(ApplicationFilterChain.java:175)
	at org.apache.catalina.core.ApplicationFilterChain.doFilter(ApplicationFilterChain.java:150)
	at org.apache.catalina.core.StandardWrapperValve.invoke(StandardWrapperValve.java:167)
	at org.apache.catalina.core.StandardContextValve.invoke(StandardContextValve.java:90)
	at org.apache.catalina.authenticator.AuthenticatorBase.invoke(AuthenticatorBase.java:482)
	at org.apache.catalina.core.StandardHostValve.invoke(StandardHostValve.java:115)
	at org.apache.catalina.valves.ErrorReportValve.invoke(ErrorReportValve.java:93)
	at org.apache.catalina.core.StandardEngineValve.invoke(StandardEngineValve.java:74)
	at org.apache.catalina.connector.CoyoteAdapter.service(CoyoteAdapter.java:344)
	at org.apache.coyote.http11.Http11Processor.service(Http11Processor.java:391)
	at org.apache.coyote.AbstractProcessorLight.process(AbstractProcessorLight.java:63)
	at org.apache.coyote.AbstractProtocol$ConnectionHandler.process(AbstractProtocol.java:896)
	at org.apache.tomcat.util.net.NioEndpoint$SocketProcessor.doRun(NioEndpoint.java:1736)
	at org.apache.tomcat.util.net.SocketProcessorBase.run(SocketProcessorBase.java:52)
	at org.apache.tomcat.util.threads.ThreadPoolExecutor.runWorker(ThreadPoolExecutor.java:1191)
	at org.apache.tomcat.util.threads.ThreadPoolExecutor$Worker.run(ThreadPoolExecutor.java:659)
	at org.apache.tomcat.util.threads.TaskThread$WrappingRunnable.run(TaskThread.java:63)
	at java.base/java.lang.Thread.run(Thread.java:842)
Caused by: org.springframework.beans.NotReadablePropertyException: Invalid property 'email' of bean class [org.example.model.SinhVien]: Bean property 'email' is not readable or has an invalid getter method: Does the return type of the getter match the parameter type of the setter?
	at org.springframework.beans.AbstractNestablePropertyAccessor.getPropertyValue(AbstractNestablePropertyAccessor.java:627)
	at org.springframework.beans.AbstractNestablePropertyAccessor.getPropertyValue(AbstractNestablePropertyAccessor.java:617)
	at org.springframework.validation.AbstractPropertyBindingResult.getActualFieldValue(AbstractPropertyBindingResult.java:105)
	at org.springframework.validation.AbstractBindingResult.getFieldValue(AbstractBindingResult.java:225)
	at org.springframework.web.servlet.support.BindStatus.<init>(BindStatus.java:129)
	at org.springframework.web.servlet.support.RequestContext.getBindStatus(RequestContext.java:926)
	at org.thymeleaf.spring6.context.webmvc.SpringWebMvcThymeleafRequestContext.getBindStatus(SpringWebMvcThymeleafRequestContext.java:232)
	at org.thymeleaf.spring6.util.FieldUtils.getBindStatusFromParsedExpression(FieldUtils.java:306)
	at org.thymeleaf.spring6.util.FieldUtils.getBindStatus(FieldUtils.java:253)
	at org.thymeleaf.spring6.util.FieldUtils.getBindStatus(FieldUtils.java:227)
	at org.thymeleaf.spring6.processor.AbstractSpringFieldTagProcessor.doProcess(AbstractSpringFieldTagProcessor.java:174)
	at org.thymeleaf.processor.element.AbstractAttributeTagProcessor.doProcess(AbstractAttributeTagProcessor.java:74)
	... 108 common frames omitted
2025-11-24 09:20:47,136 ERROR o.a.j.l.DirectJDKLog [http-nio-8080-exec-1] Servlet.service() for servlet [dispatcherServlet] in context with path [] threw exception [Request processing failed: org.thymeleaf.exceptions.TemplateProcessingException: Error during execution of processor 'org.thymeleaf.spring6.processor.SpringInputGeneralFieldTagProcessor' (template: "user/thong-tin-sinh-vien-update" - line 68, col 77)] with root cause
org.springframework.beans.NotReadablePropertyException: Invalid property 'email' of bean class [org.example.model.SinhVien]: Bean property 'email' is not readable or has an invalid getter method: Does the return type of the getter match the parameter type of the setter?
	at org.springframework.beans.AbstractNestablePropertyAccessor.getPropertyValue(AbstractNestablePropertyAccessor.java:627)
	at org.springframework.beans.AbstractNestablePropertyAccessor.getPropertyValue(AbstractNestablePropertyAccessor.java:617)
	at org.springframework.validation.AbstractPropertyBindingResult.getActualFieldValue(AbstractPropertyBindingResult.java:105)
	at org.springframework.validation.AbstractBindingResult.getFieldValue(AbstractBindingResult.java:225)
	at org.springframework.web.servlet.support.BindStatus.<init>(BindStatus.java:129)
	at org.springframework.web.servlet.support.RequestContext.getBindStatus(RequestContext.java:926)
	at org.thymeleaf.spring6.context.webmvc.SpringWebMvcThymeleafRequestContext.getBindStatus(SpringWebMvcThymeleafRequestContext.java:232)
	at org.thymeleaf.spring6.util.FieldUtils.getBindStatusFromParsedExpression(FieldUtils.java:306)
	at org.thymeleaf.spring6.util.FieldUtils.getBindStatus(FieldUtils.java:253)
	at org.thymeleaf.spring6.util.FieldUtils.getBindStatus(FieldUtils.java:227)
	at org.thymeleaf.spring6.processor.AbstractSpringFieldTagProcessor.doProcess(AbstractSpringFieldTagProcessor.java:174)
	at org.thymeleaf.processor.element.AbstractAttributeTagProcessor.doProcess(AbstractAttributeTagProcessor.java:74)
	at org.thymeleaf.processor.element.AbstractElementTagProcessor.process(AbstractElementTagProcessor.java:95)
	at org.thymeleaf.util.ProcessorConfigurationUtils$ElementTagProcessorWrapper.process(ProcessorConfigurationUtils.java:633)
	at org.thymeleaf.engine.ProcessorTemplateHandler.handleStandaloneElement(ProcessorTemplateHandler.java:918)
	at org.thymeleaf.engine.StandaloneElementTag.beHandled(StandaloneElementTag.java:228)
	at org.thymeleaf.engine.TemplateModel.process(TemplateModel.java:136)
	at org.thymeleaf.engine.TemplateManager.parseAndProcess(TemplateManager.java:661)
	at org.thymeleaf.TemplateEngine.process(TemplateEngine.java:1103)
	at org.thymeleaf.TemplateEngine.process(TemplateEngine.java:1077)
	at org.thymeleaf.spring6.view.ThymeleafView.renderFragment(ThymeleafView.java:372)
	at org.thymeleaf.spring6.view.ThymeleafView.render(ThymeleafView.java:192)
	at org.springframework.web.servlet.DispatcherServlet.render(DispatcherServlet.java:1431)
	at org.springframework.web.servlet.DispatcherServlet.processDispatchResult(DispatcherServlet.java:1167)
	at org.springframework.web.servlet.DispatcherServlet.doDispatch(DispatcherServlet.java:1106)
	at org.springframework.web.servlet.DispatcherServlet.doService(DispatcherServlet.java:979)
	at org.springframework.web.servlet.FrameworkServlet.processRequest(FrameworkServlet.java:1014)
	at org.springframework.web.servlet.FrameworkServlet.doGet(FrameworkServlet.java:903)
	at jakarta.servlet.http.HttpServlet.service(HttpServlet.java:564)
	at org.springframework.web.servlet.FrameworkServlet.service(FrameworkServlet.java:885)
	at jakarta.servlet.http.HttpServlet.service(HttpServlet.java:658)
	at org.apache.catalina.core.ApplicationFilterChain.internalDoFilter(ApplicationFilterChain.java:206)
	at org.apache.catalina.core.ApplicationFilterChain.doFilter(ApplicationFilterChain.java:150)
	at org.apache.tomcat.websocket.server.WsFilter.doFilter(WsFilter.java:51)
	at org.apache.catalina.core.ApplicationFilterChain.internalDoFilter(ApplicationFilterChain.java:175)
	at org.apache.catalina.core.ApplicationFilterChain.doFilter(ApplicationFilterChain.java:150)
	at org.springframework.web.filter.CompositeFilter$VirtualFilterChain.doFilter(CompositeFilter.java:108)
	at org.springframework.security.web.FilterChainProxy.lambda$doFilterInternal$3(FilterChainProxy.java:231)
	at org.springframework.security.web.FilterChainProxy$VirtualFilterChain.doFilter(FilterChainProxy.java:365)
	at org.springframework.security.web.access.intercept.AuthorizationFilter.doFilter(AuthorizationFilter.java:100)
	at org.springframework.security.web.FilterChainProxy$VirtualFilterChain.doFilter(FilterChainProxy.java:374)
	at org.springframework.security.web.access.ExceptionTranslationFilter.doFilter(ExceptionTranslationFilter.java:126)
	at org.springframework.security.web.access.ExceptionTranslationFilter.doFilter(ExceptionTranslationFilter.java:120)
	at org.springframework.security.web.FilterChainProxy$VirtualFilterChain.doFilter(FilterChainProxy.java:374)
	at org.springframework.security.web.session.SessionManagementFilter.doFilter(SessionManagementFilter.java:131)
	at org.springframework.security.web.session.SessionManagementFilter.doFilter(SessionManagementFilter.java:85)
	at org.springframework.security.web.FilterChainProxy$VirtualFilterChain.doFilter(FilterChainProxy.java:374)
	at org.springframework.security.web.authentication.AnonymousAuthenticationFilter.doFilter(AnonymousAuthenticationFilter.java:100)
	at org.springframework.security.web.FilterChainProxy$VirtualFilterChain.doFilter(FilterChainProxy.java:374)
	at org.springframework.security.web.servletapi.SecurityContextHolderAwareRequestFilter.doFilter(SecurityContextHolderAwareRequestFilter.java:179)
	at org.springframework.security.web.FilterChainProxy$VirtualFilterChain.doFilter(FilterChainProxy.java:374)
	at org.springframework.security.web.savedrequest.RequestCacheAwareFilter.doFilter(RequestCacheAwareFilter.java:63)
	at org.springframework.security.web.FilterChainProxy$VirtualFilterChain.doFilter(FilterChainProxy.java:374)
	at org.springframework.security.web.session.ConcurrentSessionFilter.doFilter(ConcurrentSessionFilter.java:151)
	at org.springframework.security.web.session.ConcurrentSessionFilter.doFilter(ConcurrentSessionFilter.java:129)
	at org.springframework.security.web.FilterChainProxy$VirtualFilterChain.doFilter(FilterChainProxy.java:374)
	at org.springframework.security.web.authentication.AbstractAuthenticationProcessingFilter.doFilter(AbstractAuthenticationProcessingFilter.java:227)
	at org.springframework.security.web.authentication.AbstractAuthenticationProcessingFilter.doFilter(AbstractAuthenticationProcessingFilter.java:221)
	at org.springframework.security.web.FilterChainProxy$VirtualFilterChain.doFilter(FilterChainProxy.java:374)
	at org.springframework.security.web.authentication.logout.LogoutFilter.doFilter(LogoutFilter.java:107)
	at org.springframework.security.web.authentication.logout.LogoutFilter.doFilter(LogoutFilter.java:93)
	at org.springframework.security.web.FilterChainProxy$VirtualFilterChain.doFilter(FilterChainProxy.java:374)
	at org.springframework.security.web.csrf.CsrfFilter.doFilterInternal(CsrfFilter.java:117)
	at org.springframework.web.filter.OncePerRequestFilter.doFilter(OncePerRequestFilter.java:116)
	at org.springframework.security.web.FilterChainProxy$VirtualFilterChain.doFilter(FilterChainProxy.java:374)
	at org.springframework.web.filter.CorsFilter.doFilterInternal(CorsFilter.java:91)
	at org.springframework.web.filter.OncePerRequestFilter.doFilter(OncePerRequestFilter.java:116)
	at org.springframework.security.web.FilterChainProxy$VirtualFilterChain.doFilter(FilterChainProxy.java:374)
	at org.springframework.security.web.header.HeaderWriterFilter.doHeadersAfter(HeaderWriterFilter.java:90)
	at org.springframework.security.web.header.HeaderWriterFilter.doFilterInternal(HeaderWriterFilter.java:75)
	at org.springframework.web.filter.OncePerRequestFilter.doFilter(OncePerRequestFilter.java:116)
	at org.springframework.security.web.FilterChainProxy$VirtualFilterChain.doFilter(FilterChainProxy.java:374)
	at org.springframework.security.web.context.SecurityContextHolderFilter.doFilter(SecurityContextHolderFilter.java:82)
	at org.springframework.security.web.context.SecurityContextHolderFilter.doFilter(SecurityContextHolderFilter.java:69)
	at org.springframework.security.web.FilterChainProxy$VirtualFilterChain.doFilter(FilterChainProxy.java:374)
	at org.springframework.security.web.context.request.async.WebAsyncManagerIntegrationFilter.doFilterInternal(WebAsyncManagerIntegrationFilter.java:62)
	at org.springframework.web.filter.OncePerRequestFilter.doFilter(OncePerRequestFilter.java:116)
	at org.springframework.security.web.FilterChainProxy$VirtualFilterChain.doFilter(FilterChainProxy.java:374)
	at org.springframework.security.web.session.DisableEncodeUrlFilter.doFilterInternal(DisableEncodeUrlFilter.java:42)
	at org.springframework.web.filter.OncePerRequestFilter.doFilter(OncePerRequestFilter.java:116)
	at org.springframework.security.web.FilterChainProxy$VirtualFilterChain.doFilter(FilterChainProxy.java:374)
	at org.springframework.security.web.FilterChainProxy.doFilterInternal(FilterChainProxy.java:233)
	at org.springframework.security.web.FilterChainProxy.doFilter(FilterChainProxy.java:191)
	at org.springframework.web.filter.CompositeFilter$VirtualFilterChain.doFilter(CompositeFilter.java:113)
	at org.springframework.web.servlet.handler.HandlerMappingIntrospector.lambda$createCacheFilter$3(HandlerMappingIntrospector.java:195)
	at org.springframework.web.filter.CompositeFilter$VirtualFilterChain.doFilter(CompositeFilter.java:113)
	at org.springframework.web.filter.CompositeFilter.doFilter(CompositeFilter.java:74)
	at org.springframework.security.config.annotation.web.configuration.WebMvcSecurityConfiguration$CompositeFilterChainProxy.doFilter(WebMvcSecurityConfiguration.java:230)
	at org.springframework.web.filter.DelegatingFilterProxy.invokeDelegate(DelegatingFilterProxy.java:352)
	at org.springframework.web.filter.DelegatingFilterProxy.doFilter(DelegatingFilterProxy.java:268)
	at org.apache.catalina.core.ApplicationFilterChain.internalDoFilter(ApplicationFilterChain.java:175)
	at org.apache.catalina.core.ApplicationFilterChain.doFilter(ApplicationFilterChain.java:150)
	at org.springframework.web.filter.RequestContextFilter.doFilterInternal(RequestContextFilter.java:100)
	at org.springframework.web.filter.OncePerRequestFilter.doFilter(OncePerRequestFilter.java:116)
	at org.apache.catalina.core.ApplicationFilterChain.internalDoFilter(ApplicationFilterChain.java:175)
	at org.apache.catalina.core.ApplicationFilterChain.doFilter(ApplicationFilterChain.java:150)
	at org.springframework.web.filter.FormContentFilter.doFilterInternal(FormContentFilter.java:93)
	at org.springframework.web.filter.OncePerRequestFilter.doFilter(OncePerRequestFilter.java:116)
	at org.apache.catalina.core.ApplicationFilterChain.internalDoFilter(ApplicationFilterChain.java:175)
	at org.apache.catalina.core.ApplicationFilterChain.doFilter(ApplicationFilterChain.java:150)
	at org.springframework.web.filter.CharacterEncodingFilter.doFilterInternal(CharacterEncodingFilter.java:201)
	at org.springframework.web.filter.OncePerRequestFilter.doFilter(OncePerRequestFilter.java:116)
	at org.apache.catalina.core.ApplicationFilterChain.internalDoFilter(ApplicationFilterChain.java:175)
	at org.apache.catalina.core.ApplicationFilterChain.doFilter(ApplicationFilterChain.java:150)
	at org.apache.catalina.core.StandardWrapperValve.invoke(StandardWrapperValve.java:167)
	at org.apache.catalina.core.StandardContextValve.invoke(StandardContextValve.java:90)
	at org.apache.catalina.authenticator.AuthenticatorBase.invoke(AuthenticatorBase.java:482)
	at org.apache.catalina.core.StandardHostValve.invoke(StandardHostValve.java:115)
	at org.apache.catalina.valves.ErrorReportValve.invoke(ErrorReportValve.java:93)
	at org.apache.catalina.core.StandardEngineValve.invoke(StandardEngineValve.java:74)
	at org.apache.catalina.connector.CoyoteAdapter.service(CoyoteAdapter.java:344)
	at org.apache.coyote.http11.Http11Processor.service(Http11Processor.java:391)
	at org.apache.coyote.AbstractProcessorLight.process(AbstractProcessorLight.java:63)
	at org.apache.coyote.AbstractProtocol$ConnectionHandler.process(AbstractProtocol.java:896)
	at org.apache.tomcat.util.net.NioEndpoint$SocketProcessor.doRun(NioEndpoint.java:1736)
	at org.apache.tomcat.util.net.SocketProcessorBase.run(SocketProcessorBase.java:52)
	at org.apache.tomcat.util.threads.ThreadPoolExecutor.runWorker(ThreadPoolExecutor.java:1191)
	at org.apache.tomcat.util.threads.ThreadPoolExecutor$Worker.run(ThreadPoolExecutor.java:659)
	at org.apache.tomcat.util.threads.TaskThread$WrappingRunnable.run(TaskThread.java:63)
	at java.base/java.lang.Thread.run(Thread.java:842)
2025-11-24 09:26:39,057 INFO o.s.o.j.AbstractEntityManagerFactoryBean [SpringApplicationShutdownHook] Closing JPA EntityManagerFactory for persistence unit 'default'
2025-11-24 09:26:39,059 INFO c.z.h.HikariDataSource [SpringApplicationShutdownHook] HikariPool-1 - Shutdown initiated...
2025-11-24 09:26:39,064 INFO c.z.h.HikariDataSource [SpringApplicationShutdownHook] HikariPool-1 - Shutdown completed.
2025-11-24 09:27:31,077 INFO o.h.v.i.u.Version [background-preinit] HV000001: Hibernate Validator 8.0.1.Final
2025-11-24 09:27:31,106 INFO o.s.b.StartupInfoLogger [main] Starting Application using Java 17.0.12 with PID 230645 (/home/guyguy/IdeaProjects/code4/dactaphanmem/target/classes started by guyguy in /home/guyguy/IdeaProjects/code4/dactaphanmem)
2025-11-24 09:27:31,106 DEBUG o.s.b.StartupInfoLogger [main] Running with Spring Boot v3.2.5, Spring v6.1.6
2025-11-24 09:27:31,107 INFO o.s.b.SpringApplication [main] No active profile set, falling back to 1 default profile: "default"
2025-11-24 09:27:31,671 INFO o.s.d.r.c.RepositoryConfigurationDelegate [main] Bootstrapping Spring Data JPA repositories in DEFAULT mode.
2025-11-24 09:27:31,737 INFO o.s.d.r.c.RepositoryConfigurationDelegate [main] Finished Spring Data repository scanning in 60 ms. Found 13 JPA repository interfaces.
2025-11-24 09:27:32,142 INFO o.s.b.w.e.t.TomcatWebServer [main] Tomcat initialized with port 8080 (http)
2025-11-24 09:27:32,150 INFO o.a.j.l.DirectJDKLog [main] Initializing ProtocolHandler ["http-nio-8080"]
2025-11-24 09:27:32,151 INFO o.a.j.l.DirectJDKLog [main] Starting service [Tomcat]
2025-11-24 09:27:32,152 INFO o.a.j.l.DirectJDKLog [main] Starting Servlet engine: [Apache Tomcat/10.1.20]
2025-11-24 09:27:32,188 INFO o.a.j.l.DirectJDKLog [main] Initializing Spring embedded WebApplicationContext
2025-11-24 09:27:32,190 INFO o.s.b.w.s.c.ServletWebServerApplicationContext [main] Root WebApplicationContext: initialization completed in 1044 ms
2025-11-24 09:27:32,301 INFO o.h.j.i.u.LogHelper [main] HHH000204: Processing PersistenceUnitInfo [name: default]
2025-11-24 09:27:32,335 INFO o.h.Version [main] HHH000412: Hibernate ORM core version 6.4.4.Final
2025-11-24 09:27:32,358 INFO o.h.c.i.RegionFactoryInitiator [main] HHH000026: Second-level cache disabled
2025-11-24 09:27:32,492 INFO o.s.o.j.p.SpringPersistenceUnitInfo [main] No LoadTimeWeaver setup: ignoring JPA class transformer
2025-11-24 09:27:32,508 INFO c.z.h.HikariDataSource [main] HikariPool-1 - Starting...
2025-11-24 09:27:32,613 INFO c.z.h.p.HikariPool [main] HikariPool-1 - Added connection com.mysql.cj.jdbc.ConnectionImpl@41938e1e
2025-11-24 09:27:32,615 INFO c.z.h.HikariDataSource [main] HikariPool-1 - Start completed.
2025-11-24 09:27:32,653 WARN o.h.e.j.d.i.DialectFactoryImpl [main] HHH90000025: MySQLDialect does not need to be specified explicitly using 'hibernate.dialect' (remove the property setting and it will be selected by default)
2025-11-24 09:27:33,292 INFO o.h.e.t.j.p.i.JtaPlatformInitiator [main] HHH000489: No JTA platform available (set 'hibernate.transaction.jta.platform' to enable JTA platform integration)
2025-11-24 09:27:33,294 INFO o.s.o.j.AbstractEntityManagerFactoryBean [main] Initialized JPA EntityManagerFactory for persistence unit 'default'
2025-11-24 09:27:33,502 INFO o.s.d.j.r.q.QueryEnhancerFactory [main] Hibernate is in classpath; If applicable, HQL parser will be used.
2025-11-24 09:27:33,949 WARN o.s.b.a.o.j.JpaBaseConfiguration$JpaWebConfiguration [main] spring.jpa.open-in-view is enabled by default. Therefore, database queries may be performed during view rendering. Explicitly configure spring.jpa.open-in-view to disable this warning
2025-11-24 09:27:34,158 INFO o.s.s.w.DefaultSecurityFilterChain [main] Will secure any request with [org.springframework.security.web.session.DisableEncodeUrlFilter@2fc698a9, org.springframework.security.web.context.request.async.WebAsyncManagerIntegrationFilter@4823f3b8, org.springframework.security.web.context.SecurityContextHolderFilter@7f1e946f, org.springframework.security.web.header.HeaderWriterFilter@272d0dd3, org.springframework.web.filter.CorsFilter@85446a, org.springframework.security.web.csrf.CsrfFilter@4ce1ab4c, org.springframework.security.web.authentication.logout.LogoutFilter@2140582, org.springframework.security.web.authentication.UsernamePasswordAuthenticationFilter@1f6af096, org.springframework.security.web.session.ConcurrentSessionFilter@11bac6d7, org.springframework.security.web.savedrequest.RequestCacheAwareFilter@3adf3670, org.springframework.security.web.servletapi.SecurityContextHolderAwareRequestFilter@5f6e6902, org.springframework.security.web.authentication.AnonymousAuthenticationFilter@4efb7c99, org.springframework.security.web.session.SessionManagementFilter@766534b0, org.springframework.security.web.access.ExceptionTranslationFilter@128579a6, org.springframework.security.web.access.intercept.AuthorizationFilter@75225415]
2025-11-24 09:27:34,323 INFO o.a.j.l.DirectJDKLog [main] Starting ProtocolHandler ["http-nio-8080"]
2025-11-24 09:27:34,332 INFO o.s.b.w.e.t.TomcatWebServer [main] Tomcat started on port 8080 (http) with context path ''
2025-11-24 09:27:34,339 INFO o.s.b.StartupInfoLogger [main] Started Application in 3.604 seconds (process running for 3.835)
2025-11-24 09:27:38,160 INFO o.a.j.l.DirectJDKLog [http-nio-8080-exec-1] Initializing Spring DispatcherServlet 'dispatcherServlet'
2025-11-24 09:27:38,160 INFO o.s.w.s.FrameworkServlet [http-nio-8080-exec-1] Initializing Servlet 'dispatcherServlet'
2025-11-24 09:27:38,161 INFO o.s.w.s.FrameworkServlet [http-nio-8080-exec-1] Completed initialization in 1 ms
2025-11-24 09:27:40,110 INFO o.e.s.CustomUserDetailsService [http-nio-8080-exec-6] Đang tìm tài khoản với tên đăng nhập: 223630778
2025-11-24 09:27:40,216 INFO o.e.s.CustomUserDetailsService [http-nio-8080-exec-6] Đã tìm thấy tài khoản. Mã TK: 3581, Tên đăng nhập: 223630778, Loại TK: SV, Trạng thái: 1, Enabled: true
2025-11-24 09:27:40,217 INFO o.e.s.CustomUserDetailsService [http-nio-8080-exec-6] Loại tài khoản: SV, Authorities: [ROLE_SINH_VIEN]
2025-11-24 09:27:40,287 INFO o.e.c.UserController [http-nio-8080-exec-7] UserController.checkInfo - User: 223630778, Authorities: [ROLE_SINH_VIEN]
2025-11-24 09:27:40,298 INFO o.e.c.UserController [http-nio-8080-exec-7] Sinh viên đã có thông tin: true
2025-11-24 09:29:43,619 INFO o.e.s.CustomUserDetailsService [http-nio-8080-exec-10] Đang tìm tài khoản với tên đăng nhập: admin
2025-11-24 09:29:43,623 INFO o.e.s.CustomUserDetailsService [http-nio-8080-exec-10] Đã tìm thấy tài khoản. Mã TK: 3579, Tên đăng nhập: admin, Loại TK: NV, Trạng thái: 1, Enabled: true
2025-11-24 09:29:43,623 INFO o.e.s.CustomUserDetailsService [http-nio-8080-exec-10] Loại tài khoản: NV, Authorities: [ROLE_ADMIN, ROLE_NHAN_VIEN]
2025-11-24 09:32:45,660 INFO o.s.o.j.AbstractEntityManagerFactoryBean [SpringApplicationShutdownHook] Closing JPA EntityManagerFactory for persistence unit 'default'
2025-11-24 09:32:45,661 INFO c.z.h.HikariDataSource [SpringApplicationShutdownHook] HikariPool-1 - Shutdown initiated...
2025-11-24 09:32:45,665 INFO c.z.h.HikariDataSource [SpringApplicationShutdownHook] HikariPool-1 - Shutdown completed.
2025-11-24 09:32:47,735 INFO o.h.v.i.u.Version [background-preinit] HV000001: Hibernate Validator 8.0.1.Final
2025-11-24 09:32:47,763 INFO o.s.b.StartupInfoLogger [main] Starting Application using Java 17.0.12 with PID 236403 (/home/guyguy/IdeaProjects/code4/dactaphanmem/target/classes started by guyguy in /home/guyguy/IdeaProjects/code4/dactaphanmem)
2025-11-24 09:32:47,764 DEBUG o.s.b.StartupInfoLogger [main] Running with Spring Boot v3.2.5, Spring v6.1.6
2025-11-24 09:32:47,764 INFO o.s.b.SpringApplication [main] No active profile set, falling back to 1 default profile: "default"
2025-11-24 09:32:48,265 INFO o.s.d.r.c.RepositoryConfigurationDelegate [main] Bootstrapping Spring Data JPA repositories in DEFAULT mode.
2025-11-24 09:32:48,325 INFO o.s.d.r.c.RepositoryConfigurationDelegate [main] Finished Spring Data repository scanning in 54 ms. Found 13 JPA repository interfaces.
2025-11-24 09:32:48,714 INFO o.s.b.w.e.t.TomcatWebServer [main] Tomcat initialized with port 8080 (http)
2025-11-24 09:32:48,721 INFO o.a.j.l.DirectJDKLog [main] Initializing ProtocolHandler ["http-nio-8080"]
2025-11-24 09:32:48,723 INFO o.a.j.l.DirectJDKLog [main] Starting service [Tomcat]
2025-11-24 09:32:48,724 INFO o.a.j.l.DirectJDKLog [main] Starting Servlet engine: [Apache Tomcat/10.1.20]
2025-11-24 09:32:48,764 INFO o.a.j.l.DirectJDKLog [main] Initializing Spring embedded WebApplicationContext
2025-11-24 09:32:48,766 INFO o.s.b.w.s.c.ServletWebServerApplicationContext [main] Root WebApplicationContext: initialization completed in 966 ms
2025-11-24 09:32:48,907 INFO o.h.j.i.u.LogHelper [main] HHH000204: Processing PersistenceUnitInfo [name: default]
2025-11-24 09:32:48,946 INFO o.h.Version [main] HHH000412: Hibernate ORM core version 6.4.4.Final
2025-11-24 09:32:48,972 INFO o.h.c.i.RegionFactoryInitiator [main] HHH000026: Second-level cache disabled
2025-11-24 09:32:49,107 INFO o.s.o.j.p.SpringPersistenceUnitInfo [main] No LoadTimeWeaver setup: ignoring JPA class transformer
2025-11-24 09:32:49,124 INFO c.z.h.HikariDataSource [main] HikariPool-1 - Starting...
2025-11-24 09:32:49,238 INFO c.z.h.p.HikariPool [main] HikariPool-1 - Added connection com.mysql.cj.jdbc.ConnectionImpl@7ba06506
2025-11-24 09:32:49,239 INFO c.z.h.HikariDataSource [main] HikariPool-1 - Start completed.
2025-11-24 09:32:49,274 WARN o.h.e.j.d.i.DialectFactoryImpl [main] HHH90000025: MySQLDialect does not need to be specified explicitly using 'hibernate.dialect' (remove the property setting and it will be selected by default)
2025-11-24 09:32:49,934 INFO o.h.e.t.j.p.i.JtaPlatformInitiator [main] HHH000489: No JTA platform available (set 'hibernate.transaction.jta.platform' to enable JTA platform integration)
2025-11-24 09:32:49,936 INFO o.s.o.j.AbstractEntityManagerFactoryBean [main] Initialized JPA EntityManagerFactory for persistence unit 'default'
2025-11-24 09:32:50,212 INFO o.s.d.j.r.q.QueryEnhancerFactory [main] Hibernate is in classpath; If applicable, HQL parser will be used.
2025-11-24 09:32:50,869 WARN o.s.b.a.o.j.JpaBaseConfiguration$JpaWebConfiguration [main] spring.jpa.open-in-view is enabled by default. Therefore, database queries may be performed during view rendering. Explicitly configure spring.jpa.open-in-view to disable this warning
2025-11-24 09:32:51,213 INFO o.s.s.w.DefaultSecurityFilterChain [main] Will secure any request with [org.springframework.security.web.session.DisableEncodeUrlFilter@28068327, org.springframework.security.web.context.request.async.WebAsyncManagerIntegrationFilter@3d8c3d0a, org.springframework.security.web.context.SecurityContextHolderFilter@15382815, org.springframework.security.web.header.HeaderWriterFilter@3110bb19, org.springframework.web.filter.CorsFilter@751636da, org.springframework.security.web.csrf.CsrfFilter@237bdd46, org.springframework.security.web.authentication.logout.LogoutFilter@7b5afde5, org.springframework.security.web.authentication.UsernamePasswordAuthenticationFilter@5563a63f, org.springframework.security.web.session.ConcurrentSessionFilter@4c752425, org.springframework.security.web.savedrequest.RequestCacheAwareFilter@2c64e2d0, org.springframework.security.web.servletapi.SecurityContextHolderAwareRequestFilter@45da40ad, org.springframework.security.web.authentication.AnonymousAuthenticationFilter@26c75b91, org.springframework.security.web.session.SessionManagementFilter@18482805, org.springframework.security.web.access.ExceptionTranslationFilter@1077a7, org.springframework.security.web.access.intercept.AuthorizationFilter@4efb7c99]
2025-11-24 09:32:51,458 INFO o.a.j.l.DirectJDKLog [main] Starting ProtocolHandler ["http-nio-8080"]
2025-11-24 09:32:51,473 INFO o.s.b.w.e.t.TomcatWebServer [main] Tomcat started on port 8080 (http) with context path ''
2025-11-24 09:32:51,486 INFO o.s.b.StartupInfoLogger [main] Started Application in 4.111 seconds (process running for 4.351)
2025-11-24 09:32:51,619 INFO o.a.j.l.DirectJDKLog [http-nio-8080-exec-1] Initializing Spring DispatcherServlet 'dispatcherServlet'
2025-11-24 09:32:51,620 INFO o.s.w.s.FrameworkServlet [http-nio-8080-exec-1] Initializing Servlet 'dispatcherServlet'
2025-11-24 09:32:51,622 INFO o.s.w.s.FrameworkServlet [http-nio-8080-exec-1] Completed initialization in 2 ms
2025-11-24 09:32:55,542 INFO o.e.s.CustomUserDetailsService [http-nio-8080-exec-6] Đang tìm tài khoản với tên đăng nhập: 223630778
2025-11-24 09:32:55,658 INFO o.e.s.CustomUserDetailsService [http-nio-8080-exec-6] Đã tìm thấy tài khoản. Mã TK: 3581, Tên đăng nhập: 223630778, Loại TK: SV, Trạng thái: 1, Enabled: true
2025-11-24 09:32:55,659 INFO o.e.s.CustomUserDetailsService [http-nio-8080-exec-6] Loại tài khoản: SV, Authorities: [ROLE_SINH_VIEN]
2025-11-24 09:32:55,746 INFO o.e.c.UserController [http-nio-8080-exec-7] UserController.checkInfo - User: 223630778, Authorities: [ROLE_SINH_VIEN]
2025-11-24 09:32:55,771 INFO o.e.c.UserController [http-nio-8080-exec-7] Sinh viên đã có thông tin: true
2025-11-24 09:33:55,904 INFO o.s.o.j.AbstractEntityManagerFactoryBean [SpringApplicationShutdownHook] Closing JPA EntityManagerFactory for persistence unit 'default'
2025-11-24 09:33:55,905 INFO c.z.h.HikariDataSource [SpringApplicationShutdownHook] HikariPool-1 - Shutdown initiated...
2025-11-24 09:33:55,909 INFO c.z.h.HikariDataSource [SpringApplicationShutdownHook] HikariPool-1 - Shutdown completed.
2025-11-24 09:33:58,212 INFO o.h.v.i.u.Version [background-preinit] HV000001: Hibernate Validator 8.0.1.Final
2025-11-24 09:33:58,245 INFO o.s.b.StartupInfoLogger [main] Starting Application using Java 17.0.12 with PID 237854 (/home/guyguy/IdeaProjects/code4/dactaphanmem/target/classes started by guyguy in /home/guyguy/IdeaProjects/code4/dactaphanmem)
2025-11-24 09:33:58,246 DEBUG o.s.b.StartupInfoLogger [main] Running with Spring Boot v3.2.5, Spring v6.1.6
2025-11-24 09:33:58,247 INFO o.s.b.SpringApplication [main] No active profile set, falling back to 1 default profile: "default"
2025-11-24 09:33:58,840 INFO o.s.d.r.c.RepositoryConfigurationDelegate [main] Bootstrapping Spring Data JPA repositories in DEFAULT mode.
2025-11-24 09:33:58,898 INFO o.s.d.r.c.RepositoryConfigurationDelegate [main] Finished Spring Data repository scanning in 47 ms. Found 13 JPA repository interfaces.
2025-11-24 09:33:59,326 INFO o.s.b.w.e.t.TomcatWebServer [main] Tomcat initialized with port 8080 (http)
2025-11-24 09:33:59,333 INFO o.a.j.l.DirectJDKLog [main] Initializing ProtocolHandler ["http-nio-8080"]
2025-11-24 09:33:59,334 INFO o.a.j.l.DirectJDKLog [main] Starting service [Tomcat]
2025-11-24 09:33:59,335 INFO o.a.j.l.DirectJDKLog [main] Starting Servlet engine: [Apache Tomcat/10.1.20]
2025-11-24 09:33:59,368 INFO o.a.j.l.DirectJDKLog [main] Initializing Spring embedded WebApplicationContext
2025-11-24 09:33:59,369 INFO o.s.b.w.s.c.ServletWebServerApplicationContext [main] Root WebApplicationContext: initialization completed in 1085 ms
2025-11-24 09:33:59,486 INFO o.h.j.i.u.LogHelper [main] HHH000204: Processing PersistenceUnitInfo [name: default]
2025-11-24 09:33:59,521 INFO o.h.Version [main] HHH000412: Hibernate ORM core version 6.4.4.Final
2025-11-24 09:33:59,544 INFO o.h.c.i.RegionFactoryInitiator [main] HHH000026: Second-level cache disabled
2025-11-24 09:33:59,683 INFO o.s.o.j.p.SpringPersistenceUnitInfo [main] No LoadTimeWeaver setup: ignoring JPA class transformer
2025-11-24 09:33:59,699 INFO c.z.h.HikariDataSource [main] HikariPool-1 - Starting...
2025-11-24 09:33:59,802 INFO c.z.h.p.HikariPool [main] HikariPool-1 - Added connection com.mysql.cj.jdbc.ConnectionImpl@41938e1e
2025-11-24 09:33:59,803 INFO c.z.h.HikariDataSource [main] HikariPool-1 - Start completed.
2025-11-24 09:33:59,831 WARN o.h.e.j.d.i.DialectFactoryImpl [main] HHH90000025: MySQLDialect does not need to be specified explicitly using 'hibernate.dialect' (remove the property setting and it will be selected by default)
2025-11-24 09:34:00,481 INFO o.h.e.t.j.p.i.JtaPlatformInitiator [main] HHH000489: No JTA platform available (set 'hibernate.transaction.jta.platform' to enable JTA platform integration)
2025-11-24 09:34:00,483 INFO o.s.o.j.AbstractEntityManagerFactoryBean [main] Initialized JPA EntityManagerFactory for persistence unit 'default'
2025-11-24 09:34:00,681 INFO o.s.d.j.r.q.QueryEnhancerFactory [main] Hibernate is in classpath; If applicable, HQL parser will be used.
2025-11-24 09:34:01,160 WARN o.s.b.a.o.j.JpaBaseConfiguration$JpaWebConfiguration [main] spring.jpa.open-in-view is enabled by default. Therefore, database queries may be performed during view rendering. Explicitly configure spring.jpa.open-in-view to disable this warning
2025-11-24 09:34:01,371 INFO o.s.s.w.DefaultSecurityFilterChain [main] Will secure any request with [org.springframework.security.web.session.DisableEncodeUrlFilter@85446a, org.springframework.security.web.context.request.async.WebAsyncManagerIntegrationFilter@4efb7c99, org.springframework.security.web.context.SecurityContextHolderFilter@3adf3670, org.springframework.security.web.header.HeaderWriterFilter@766534b0, org.springframework.web.filter.CorsFilter@5563a63f, org.springframework.security.web.csrf.CsrfFilter@c9ba9e2, org.springframework.security.web.authentication.logout.LogoutFilter@32c7495, org.springframework.security.web.authentication.UsernamePasswordAuthenticationFilter@2fc698a9, org.springframework.security.web.session.ConcurrentSessionFilter@4c29138a, org.springframework.security.web.savedrequest.RequestCacheAwareFilter@54d8236c, org.springframework.security.web.servletapi.SecurityContextHolderAwareRequestFilter@5697f801, org.springframework.security.web.authentication.AnonymousAuthenticationFilter@20a3118, org.springframework.security.web.session.SessionManagementFilter@1077a7, org.springframework.security.web.access.ExceptionTranslationFilter@272d0dd3, org.springframework.security.web.access.intercept.AuthorizationFilter@54b3407b]
2025-11-24 09:34:01,561 INFO o.a.j.l.DirectJDKLog [main] Starting ProtocolHandler ["http-nio-8080"]
2025-11-24 09:34:01,571 INFO o.s.b.w.e.t.TomcatWebServer [main] Tomcat started on port 8080 (http) with context path ''
2025-11-24 09:34:01,579 INFO o.s.b.StartupInfoLogger [main] Started Application in 3.725 seconds (process running for 3.932)
2025-11-24 09:34:09,138 INFO o.a.j.l.DirectJDKLog [http-nio-8080-exec-1] Initializing Spring DispatcherServlet 'dispatcherServlet'
2025-11-24 09:34:09,139 INFO o.s.w.s.FrameworkServlet [http-nio-8080-exec-1] Initializing Servlet 'dispatcherServlet'
2025-11-24 09:34:09,141 INFO o.s.w.s.FrameworkServlet [http-nio-8080-exec-1] Completed initialization in 2 ms
2025-11-24 09:34:09,243 INFO o.e.s.CustomUserDetailsService [http-nio-8080-exec-1] Đang tìm tài khoản với tên đăng nhập: 
2025-11-24 09:34:09,333 WARN o.e.s.CustomUserDetailsService [http-nio-8080-exec-1] Không tìm thấy tài khoản với tên đăng nhập: 
2025-11-24 09:34:10,926 INFO o.e.s.CustomUserDetailsService [http-nio-8080-exec-6] Đang tìm tài khoản với tên đăng nhập: 223630778
2025-11-24 09:34:10,943 INFO o.e.s.CustomUserDetailsService [http-nio-8080-exec-6] Đã tìm thấy tài khoản. Mã TK: 3581, Tên đăng nhập: 223630778, Loại TK: SV, Trạng thái: 1, Enabled: true
2025-11-24 09:34:10,944 INFO o.e.s.CustomUserDetailsService [http-nio-8080-exec-6] Loại tài khoản: SV, Authorities: [ROLE_SINH_VIEN]
2025-11-24 09:34:11,013 INFO o.e.c.UserController [http-nio-8080-exec-7] UserController.checkInfo - User: 223630778, Authorities: [ROLE_SINH_VIEN]
2025-11-24 09:34:11,024 INFO o.e.c.UserController [http-nio-8080-exec-7] Sinh viên đã có thông tin: true
2025-11-24 09:35:48,342 INFO o.s.o.j.AbstractEntityManagerFactoryBean [SpringApplicationShutdownHook] Closing JPA EntityManagerFactory for persistence unit 'default'
2025-11-24 09:35:48,343 INFO c.z.h.HikariDataSource [SpringApplicationShutdownHook] HikariPool-1 - Shutdown initiated...
2025-11-24 09:35:48,347 INFO c.z.h.HikariDataSource [SpringApplicationShutdownHook] HikariPool-1 - Shutdown completed.
2025-11-24 09:35:58,654 INFO o.h.v.i.u.Version [background-preinit] HV000001: Hibernate Validator 8.0.1.Final
2025-11-24 09:35:58,690 INFO o.s.b.StartupInfoLogger [main] Starting Application using Java 17.0.12 with PID 240160 (/home/guyguy/IdeaProjects/code4/dactaphanmem/target/classes started by guyguy in /home/guyguy/IdeaProjects/code4/dactaphanmem)
2025-11-24 09:35:58,694 DEBUG o.s.b.StartupInfoLogger [main] Running with Spring Boot v3.2.5, Spring v6.1.6
2025-11-24 09:35:58,695 INFO o.s.b.SpringApplication [main] No active profile set, falling back to 1 default profile: "default"
2025-11-24 09:35:59,235 INFO o.s.d.r.c.RepositoryConfigurationDelegate [main] Bootstrapping Spring Data JPA repositories in DEFAULT mode.
2025-11-24 09:35:59,306 INFO o.s.d.r.c.RepositoryConfigurationDelegate [main] Finished Spring Data repository scanning in 64 ms. Found 13 JPA repository interfaces.
2025-11-24 09:35:59,722 INFO o.s.b.w.e.t.TomcatWebServer [main] Tomcat initialized with port 8080 (http)
2025-11-24 09:35:59,729 INFO o.a.j.l.DirectJDKLog [main] Initializing ProtocolHandler ["http-nio-8080"]
2025-11-24 09:35:59,730 INFO o.a.j.l.DirectJDKLog [main] Starting service [Tomcat]
2025-11-24 09:35:59,731 INFO o.a.j.l.DirectJDKLog [main] Starting Servlet engine: [Apache Tomcat/10.1.20]
2025-11-24 09:35:59,765 INFO o.a.j.l.DirectJDKLog [main] Initializing Spring embedded WebApplicationContext
2025-11-24 09:35:59,766 INFO o.s.b.w.s.c.ServletWebServerApplicationContext [main] Root WebApplicationContext: initialization completed in 1031 ms
2025-11-24 09:35:59,876 INFO o.h.j.i.u.LogHelper [main] HHH000204: Processing PersistenceUnitInfo [name: default]
2025-11-24 09:35:59,910 INFO o.h.Version [main] HHH000412: Hibernate ORM core version 6.4.4.Final
2025-11-24 09:35:59,933 INFO o.h.c.i.RegionFactoryInitiator [main] HHH000026: Second-level cache disabled
2025-11-24 09:36:00,076 INFO o.s.o.j.p.SpringPersistenceUnitInfo [main] No LoadTimeWeaver setup: ignoring JPA class transformer
2025-11-24 09:36:00,093 INFO c.z.h.HikariDataSource [main] HikariPool-1 - Starting...
2025-11-24 09:36:00,201 INFO c.z.h.p.HikariPool [main] HikariPool-1 - Added connection com.mysql.cj.jdbc.ConnectionImpl@41938e1e
2025-11-24 09:36:00,202 INFO c.z.h.HikariDataSource [main] HikariPool-1 - Start completed.
2025-11-24 09:36:00,235 WARN o.h.e.j.d.i.DialectFactoryImpl [main] HHH90000025: MySQLDialect does not need to be specified explicitly using 'hibernate.dialect' (remove the property setting and it will be selected by default)
2025-11-24 09:36:00,931 INFO o.h.e.t.j.p.i.JtaPlatformInitiator [main] HHH000489: No JTA platform available (set 'hibernate.transaction.jta.platform' to enable JTA platform integration)
2025-11-24 09:36:00,933 INFO o.s.o.j.AbstractEntityManagerFactoryBean [main] Initialized JPA EntityManagerFactory for persistence unit 'default'
2025-11-24 09:36:01,137 INFO o.s.d.j.r.q.QueryEnhancerFactory [main] Hibernate is in classpath; If applicable, HQL parser will be used.
2025-11-24 09:36:01,669 WARN o.s.b.a.o.j.JpaBaseConfiguration$JpaWebConfiguration [main] spring.jpa.open-in-view is enabled by default. Therefore, database queries may be performed during view rendering. Explicitly configure spring.jpa.open-in-view to disable this warning
2025-11-24 09:36:01,912 INFO o.s.s.w.DefaultSecurityFilterChain [main] Will secure any request with [org.springframework.security.web.session.DisableEncodeUrlFilter@85446a, org.springframework.security.web.context.request.async.WebAsyncManagerIntegrationFilter@4efb7c99, org.springframework.security.web.context.SecurityContextHolderFilter@3adf3670, org.springframework.security.web.header.HeaderWriterFilter@766534b0, org.springframework.web.filter.CorsFilter@5563a63f, org.springframework.security.web.csrf.CsrfFilter@c9ba9e2, org.springframework.security.web.authentication.logout.LogoutFilter@32c7495, org.springframework.security.web.authentication.UsernamePasswordAuthenticationFilter@2fc698a9, org.springframework.security.web.session.ConcurrentSessionFilter@4c29138a, org.springframework.security.web.savedrequest.RequestCacheAwareFilter@54d8236c, org.springframework.security.web.servletapi.SecurityContextHolderAwareRequestFilter@5697f801, org.springframework.security.web.authentication.AnonymousAuthenticationFilter@20a3118, org.springframework.security.web.session.SessionManagementFilter@1077a7, org.springframework.security.web.access.ExceptionTranslationFilter@272d0dd3, org.springframework.security.web.access.intercept.AuthorizationFilter@54b3407b]
2025-11-24 09:36:02,121 INFO o.a.j.l.DirectJDKLog [main] Starting ProtocolHandler ["http-nio-8080"]
2025-11-24 09:36:02,136 INFO o.s.b.w.e.t.TomcatWebServer [main] Tomcat started on port 8080 (http) with context path ''
2025-11-24 09:36:02,146 INFO o.s.b.StartupInfoLogger [main] Started Application in 3.885 seconds (process running for 4.092)
2025-11-24 09:36:09,446 INFO o.a.j.l.DirectJDKLog [http-nio-8080-exec-1] Initializing Spring DispatcherServlet 'dispatcherServlet'
2025-11-24 09:36:09,447 INFO o.s.w.s.FrameworkServlet [http-nio-8080-exec-1] Initializing Servlet 'dispatcherServlet'
2025-11-24 09:36:09,448 INFO o.s.w.s.FrameworkServlet [http-nio-8080-exec-1] Completed initialization in 1 ms
2025-11-24 09:36:11,285 INFO o.e.s.CustomUserDetailsService [http-nio-8080-exec-6] Đang tìm tài khoản với tên đăng nhập: 223630778
2025-11-24 09:36:11,382 INFO o.e.s.CustomUserDetailsService [http-nio-8080-exec-6] Đã tìm thấy tài khoản. Mã TK: 3581, Tên đăng nhập: 223630778, Loại TK: SV, Trạng thái: 1, Enabled: true
2025-11-24 09:36:11,382 INFO o.e.s.CustomUserDetailsService [http-nio-8080-exec-6] Loại tài khoản: SV, Authorities: [ROLE_SINH_VIEN]
2025-11-24 09:36:11,452 INFO o.e.c.UserController [http-nio-8080-exec-7] UserController.checkInfo - User: 223630778, Authorities: [ROLE_SINH_VIEN]
2025-11-24 09:36:11,469 INFO o.e.c.UserController [http-nio-8080-exec-7] Sinh viên đã có thông tin: true
2025-11-24 09:40:56,124 INFO o.s.o.j.AbstractEntityManagerFactoryBean [SpringApplicationShutdownHook] Closing JPA EntityManagerFactory for persistence unit 'default'
2025-11-24 09:40:56,126 INFO c.z.h.HikariDataSource [SpringApplicationShutdownHook] HikariPool-1 - Shutdown initiated...
2025-11-24 09:40:56,130 INFO c.z.h.HikariDataSource [SpringApplicationShutdownHook] HikariPool-1 - Shutdown completed.
2025-11-24 09:40:59,594 INFO o.h.v.i.u.Version [background-preinit] HV000001: Hibernate Validator 8.0.1.Final
2025-11-24 09:40:59,634 INFO o.s.b.StartupInfoLogger [main] Starting Application using Java 17.0.12 with PID 245263 (/home/guyguy/IdeaProjects/code4/dactaphanmem/target/classes started by guyguy in /home/guyguy/IdeaProjects/code4/dactaphanmem)
2025-11-24 09:40:59,635 DEBUG o.s.b.StartupInfoLogger [main] Running with Spring Boot v3.2.5, Spring v6.1.6
2025-11-24 09:40:59,636 INFO o.s.b.SpringApplication [main] No active profile set, falling back to 1 default profile: "default"
2025-11-24 09:41:00,119 INFO o.s.d.r.c.RepositoryConfigurationDelegate [main] Bootstrapping Spring Data JPA repositories in DEFAULT mode.
2025-11-24 09:41:00,189 INFO o.s.d.r.c.RepositoryConfigurationDelegate [main] Finished Spring Data repository scanning in 64 ms. Found 13 JPA repository interfaces.
2025-11-24 09:41:00,575 INFO o.s.b.w.e.t.TomcatWebServer [main] Tomcat initialized with port 8080 (http)
2025-11-24 09:41:00,583 INFO o.a.j.l.DirectJDKLog [main] Initializing ProtocolHandler ["http-nio-8080"]
2025-11-24 09:41:00,586 INFO o.a.j.l.DirectJDKLog [main] Starting service [Tomcat]
2025-11-24 09:41:00,586 INFO o.a.j.l.DirectJDKLog [main] Starting Servlet engine: [Apache Tomcat/10.1.20]
2025-11-24 09:41:00,635 INFO o.a.j.l.DirectJDKLog [main] Initializing Spring embedded WebApplicationContext
2025-11-24 09:41:00,637 INFO o.s.b.w.s.c.ServletWebServerApplicationContext [main] Root WebApplicationContext: initialization completed in 962 ms
2025-11-24 09:41:00,754 INFO o.h.j.i.u.LogHelper [main] HHH000204: Processing PersistenceUnitInfo [name: default]
2025-11-24 09:41:00,789 INFO o.h.Version [main] HHH000412: Hibernate ORM core version 6.4.4.Final
2025-11-24 09:41:00,810 INFO o.h.c.i.RegionFactoryInitiator [main] HHH000026: Second-level cache disabled
2025-11-24 09:41:00,930 INFO o.s.o.j.p.SpringPersistenceUnitInfo [main] No LoadTimeWeaver setup: ignoring JPA class transformer
2025-11-24 09:41:00,946 INFO c.z.h.HikariDataSource [main] HikariPool-1 - Starting...
2025-11-24 09:41:01,041 INFO c.z.h.p.HikariPool [main] HikariPool-1 - Added connection com.mysql.cj.jdbc.ConnectionImpl@20c3b34b
2025-11-24 09:41:01,042 INFO c.z.h.HikariDataSource [main] HikariPool-1 - Start completed.
2025-11-24 09:41:01,067 WARN o.h.e.j.d.i.DialectFactoryImpl [main] HHH90000025: MySQLDialect does not need to be specified explicitly using 'hibernate.dialect' (remove the property setting and it will be selected by default)
2025-11-24 09:41:01,708 INFO o.h.e.t.j.p.i.JtaPlatformInitiator [main] HHH000489: No JTA platform available (set 'hibernate.transaction.jta.platform' to enable JTA platform integration)
2025-11-24 09:41:01,710 INFO o.s.o.j.AbstractEntityManagerFactoryBean [main] Initialized JPA EntityManagerFactory for persistence unit 'default'
2025-11-24 09:41:01,940 INFO o.s.d.j.r.q.QueryEnhancerFactory [main] Hibernate is in classpath; If applicable, HQL parser will be used.
2025-11-24 09:41:02,383 WARN o.s.b.a.o.j.JpaBaseConfiguration$JpaWebConfiguration [main] spring.jpa.open-in-view is enabled by default. Therefore, database queries may be performed during view rendering. Explicitly configure spring.jpa.open-in-view to disable this warning
2025-11-24 09:41:02,615 INFO o.s.s.w.DefaultSecurityFilterChain [main] Will secure any request with [org.springframework.security.web.session.DisableEncodeUrlFilter@3e1f6318, org.springframework.security.web.context.request.async.WebAsyncManagerIntegrationFilter@23182d4d, org.springframework.security.web.context.SecurityContextHolderFilter@2771e501, org.springframework.security.web.header.HeaderWriterFilter@4c29138a, org.springframework.web.filter.CorsFilter@22ca5fe1, org.springframework.security.web.csrf.CsrfFilter@796267e8, org.springframework.security.web.authentication.logout.LogoutFilter@f6e9c18, org.springframework.security.web.authentication.UsernamePasswordAuthenticationFilter@667ce5fa, org.springframework.security.web.session.ConcurrentSessionFilter@15382815, org.springframework.security.web.savedrequest.RequestCacheAwareFilter@3846ba32, org.springframework.security.web.servletapi.SecurityContextHolderAwareRequestFilter@40a32c25, org.springframework.security.web.authentication.AnonymousAuthenticationFilter@45cd5c56, org.springframework.security.web.session.SessionManagementFilter@5edeb83e, org.springframework.security.web.access.ExceptionTranslationFilter@11bac6d7, org.springframework.security.web.access.intercept.AuthorizationFilter@3a44ebd5]
2025-11-24 09:41:02,783 INFO o.a.j.l.DirectJDKLog [main] Starting ProtocolHandler ["http-nio-8080"]
2025-11-24 09:41:02,791 INFO o.s.b.w.e.t.TomcatWebServer [main] Tomcat started on port 8080 (http) with context path ''
2025-11-24 09:41:02,798 INFO o.s.b.StartupInfoLogger [main] Started Application in 3.583 seconds (process running for 3.804)
2025-11-24 09:41:11,864 INFO o.a.j.l.DirectJDKLog [http-nio-8080-exec-1] Initializing Spring DispatcherServlet 'dispatcherServlet'
2025-11-24 09:41:11,865 INFO o.s.w.s.FrameworkServlet [http-nio-8080-exec-1] Initializing Servlet 'dispatcherServlet'
2025-11-24 09:41:11,866 INFO o.s.w.s.FrameworkServlet [http-nio-8080-exec-1] Completed initialization in 1 ms
2025-11-24 09:41:23,556 INFO o.e.s.CustomUserDetailsService [http-nio-8080-exec-1] Đang tìm tài khoản với tên đăng nhập: 223630778
2025-11-24 09:41:23,653 INFO o.e.s.CustomUserDetailsService [http-nio-8080-exec-1] Đã tìm thấy tài khoản. Mã TK: 3581, Tên đăng nhập: 223630778, Loại TK: SV, Trạng thái: 1, Enabled: true
2025-11-24 09:41:23,654 INFO o.e.s.CustomUserDetailsService [http-nio-8080-exec-1] Loại tài khoản: SV, Authorities: [ROLE_SINH_VIEN]
2025-11-24 09:41:23,722 INFO o.e.c.UserController [http-nio-8080-exec-2] UserController.checkInfo - User: 223630778, Authorities: [ROLE_SINH_VIEN]
2025-11-24 09:41:23,732 INFO o.e.c.UserController [http-nio-8080-exec-2] Sinh viên đã có thông tin: true
